create_rate,modified_rate,rename_rate,delete_rate,operations_rate,directories_affected,activity_burst,label
0.259,0.145,0.0,0.0,0.419,0,2.0,0
1.303,8.494,3.715,0.37,13.678,4,9.0,1
3.766,19.039,20.427,1.365,44.335,6,41.0,1
0.273,0.134,0.0,0.0,0.365,1,0.0,0
0.228,1.194,0.0,0.0,1.37,1,3.0,0
1.105,2.399,0.714,0.265,4.466,3,4.0,0
0.007,0.047,0.0,0.0,0.046,1,0.0,0
0.15,0.666,0.0,0.0,0.746,2,2.0,0
3.019,1.347,0.521,0.149,5.015,1,4.0,0
1.412,0.603,0.0,0.203,2.276,1,2.0,0
1.343,1.531,0.113,1.251,4.226,3,6.0,0
0.006,0.01,0.0,0.0,0.068,1,0.0,0
0.023,0.001,0.0,0.0,0.065,0,0.0,0
0.353,0.385,0.247,0.0,1.069,1,1.0,0
3.5,7.86,4.092,0.839,16.406,3,13.0,1
6.532,11.828,19.073,0.931,38.263,6,25.0,1
2.459,1.517,0.0,0.729,4.681,2,4.0,0
2.02,3.858,8.132,0.072,14.113,6,9.0,1
0.038,1.013,0.0,0.0,1.075,1,2.0,0
1.361,2.061,0.2,1.143,4.732,2,6.0,0
0.054,0.534,0.0,0.0,0.648,2,3.0,0
2.87,11.99,11.031,0.626,26.521,9,42.0,1
0.073,0.081,0.0,0.0,0.215,1,1.0,0
1.565,2.166,0.615,0.353,4.702,2,4.0,0
5.852,6.673,20.708,2.788,36.415,4,18.0,1
0.354,0.67,0.216,0.0,1.21,1,3.0,0
4.333,12.492,30.876,1.342,48.899,3,45.0,1
2.404,1.572,0.0,0.371,4.257,2,5.0,0
1.325,5.995,3.776,0.992,12.259,5,15.0,1
1.311,1.316,0.0,0.465,3.188,1,2.0,0
0.008,0.281,0.0,0.0,0.304,0,1.0,0
0.375,0.285,0.0,0.0,0.685,2,1.0,0
8.741,22.516,10.633,0.584,42.486,3,48.0,1
4.578,6.183,29.513,1.127,41.883,5,18.0,1
0.199,0.437,0.0,0.0,0.597,1,1.0,0
9.9,34.191,16.471,2.535,63.187,7,41.0,1
2.839,27.073,15.602,2.148,48.007,8,53.0,1
4.341,14.624,10.598,1.913,31.31,10,20.0,1
7.522,32.259,33.999,0.024,74.249,5,46.0,1
0.224,0.263,0.276,0.0,0.816,1,3.0,0
9.752,29.615,18.063,1.977,59.419,4,49.0,1
6.199,16.815,5.215,2.487,30.647,6,43.0,1
2.95,1.75,0.29,0.01,4.976,1,3.0,0
1.137,2.144,0.306,0.475,4.056,3,2.0,0
1.427,2.723,0.479,0.942,5.609,2,4.0,0
2.71,7.564,5.812,0.606,16.827,5,17.0,1
1.319,6.567,8.22,0.496,16.679,5,8.0,1
2.997,5.161,5.269,0.365,13.848,3,12.0,1
2.532,6.598,4.542,0.267,14.159,5,9.0,1
1.223,15.779,25.927,0.348,43.173,5,18.0,1
3.253,18.075,5.394,3.635,30.295,11,38.0,1
2.342,14.301,10.666,1.411,28.524,7,30.0,1
0.225,0.229,0.0,0.0,0.526,2,3.0,0
5.76,13.894,11.217,0.741,31.606,5,36.0,1
1.929,1.971,0.207,0.398,4.435,1,2.0,0
7.143,33.192,23.946,0.319,64.833,7,20.0,1
0.182,0.774,0.0,0.0,0.866,1,2.0,0
2.184,1.062,0.7,0.447,4.349,1,6.0,0
3.338,2.198,0.079,0.474,6.042,2,6.0,0
1.121,5.352,6.983,0.104,13.637,5,13.0,1
0.244,1.195,0.0,0.0,1.422,2,2.0,0
1.187,4.173,8.096,0.785,14.205,6,17.0,1
3.184,23.055,18.084,0.365,44.679,4,13.0,1
3.077,20.364,10.554,3.067,37.073,10,24.0,1
0.251,0.135,0.0,0.0,0.341,0,0.0,0
7.583,13.705,18.321,0.535,40.055,4,45.0,1
3.07,17.707,11.047,1.913,33.848,3,33.0,1
2.106,1.34,0.331,0.116,3.851,3,2.0,0
1.948,14.955,22.985,1.218,41.464,3,14.0,1
2.996,7.981,8.251,0.632,19.889,3,15.0,1
2.601,2.893,0.471,1.08,7.077,1,6.0,0
1.297,2.259,0.243,0.409,4.252,1,2.0,0
3.572,4.369,0.123,1.169,9.228,1,3.0,0
1.255,2.365,0.735,0.483,4.945,2,6.0,0
2.418,1.532,0.0,0.606,4.623,1,2.0,0
0.049,0.409,0.0,0.0,0.515,2,2.0,0
0.013,0.064,0.0,0.0,0.141,1,0.0,0
5.665,15.839,25.654,0.835,48.362,8,53.0,1
2.842,21.641,27.366,0.948,52.666,7,45.0,1
4.231,16.926,32.417,1.456,55.149,8,56.0,1
4.017,22.479,23.967,1.936,52.485,3,16.0,1
4.695,12.053,20.253,3.759,40.814,4,37.0,1
4.419,19.258,5.517,1.514,30.586,10,40.0,1
0.155,0.454,0.0,0.0,0.612,1,2.0,0
5.889,18.632,9.133,2.066,35.786,12,22.0,1
0.389,1.005,0.303,0.0,1.704,1,3.0,0
1.481,0.645,0.0,0.424,2.53,1,3.0,0
3.477,1.759,0.32,0.318,5.928,3,5.0,0
3.234,15.56,27.572,0.175,46.387,5,28.0,1
3.993,17.27,32.571,2.523,56.528,8,41.0,1
2.866,12.647,5.917,1.603,22.999,12,25.0,1
0.101,0.292,0.0,0.0,0.385,0,0.0,0
0.284,0.127,0.0,0.0,0.363,1,0.0,0
0.241,0.528,0.0,0.0,0.832,1,2.0,0
1.501,1.896,0.0,0.459,3.852,1,4.0,0
2.64,22.451,14.557,2.952,42.967,6,43.0,1
3.772,34.164,13.47,2.638,53.992,8,37.0,1
6.837,10.186,22.25,0.107,39.131,4,55.0,1
0.004,0.526,0.0,0.0,0.453,0,0.0,0
0.022,0.326,0.0,0.0,0.318,2,1.0,0
1.067,1.979,0.358,0.461,3.867,2,4.0,0
0.586,0.729,0.0,0.564,1.796,2,5.0,0
0.016,0.717,0.383,0.0,1.107,2,3.0,0
4.948,12.429,7.475,1.768,26.65,5,39.0,1
1.478,1.056,0.0,0.362,2.831,1,4.0,0
0.049,0.872,0.0,0.0,0.964,2,3.0,0
0.063,0.091,0.0,0.0,0.158,0,1.0,0
0.118,0.045,0.0,0.0,0.13,0,1.0,0
3.683,19.943,33.972,0.387,58.134,6,43.0,1
0.091,0.128,0.0,0.0,0.189,1,0.0,0
1.639,0.605,0.0,0.168,2.485,2,4.0,0
2.274,1.304,0.109,0.323,4.041,2,2.0,0
9.356,20.838,34.71,0.477,65.354,8,51.0,1
1.549,2.177,0.762,0.108,4.612,3,4.0,0
0.026,0.335,0.0,0.0,0.394,2,2.0,0
6.174,24.551,32.241,0.681,63.557,6,18.0,1
0.01,0.233,0.0,0.0,0.14,1,0.0,0
1.909,2.384,0.403,0.545,5.277,3,3.0,0
0.259,0.679,0.0,0.0,0.956,1,2.0,0
0.08,0.005,0.0,0.0,0.13,0,2.0,0
1.566,1.955,0.335,0.386,4.157,2,4.0,0
0.022,0.986,0.0,0.0,0.975,2,1.0,0
8.447,9.239,21.423,0.973,40.608,5,44.0,1
0.733,1.925,0.0,0.175,2.795,2,2.0,0
0.548,0.536,0.0,0.356,1.351,1,4.0,0
2.195,8.948,6.712,0.392,18.165,5,14.0,1
2.421,0.862,0.0,0.736,4.045,1,4.0,0
6.352,12.715,9.902,0.563,29.068,6,38.0,1
1.171,5.165,4.54,0.392,11.275,4,15.0,1
3.114,8.529,7.073,0.524,18.915,4,11.0,1
8.535,18.949,14.354,1.468,43.525,3,53.0,1
4.607,17.961,8.629,2.539,33.583,4,20.0,1
1.18,0.585,0.0,0.284,2.089,2,5.0,0
3.765,3.711,0.438,1.494,9.377,3,3.0,0
9.128,8.619,15.752,1.812,34.925,6,54.0,1
1.08,8.939,5.33,0.551,16.043,4,12.0,1
4.277,31.356,11.774,2.925,49.934,6,18.0,1
6.889,33.92,16.415,1.216,58.522,5,45.0,1
4.082,3.178,0.104,1.247,8.512,1,7.0,0
0.027,0.073,0.0,0.0,0.087,1,0.0,0
3.928,12.2,29.615,0.341,45.86,2,38.0,1
6.079,33.385,32.773,2.474,74.575,8,45.0,1
7.787,12.556,15.336,0.421,36.579,7,13.0,1
5.986,13.246,8.382,1.744,29.135,8,44.0,1
7.034,18.049,6.342,1.581,33.084,9,13.0,1
5.718,11.363,19.997,0.827,37.701,11,22.0,1
5.373,17.71,20.22,0.989,43.848,7,26.0,1
3.576,19.137,16.046,2.594,41.895,5,30.0,1
3.197,4.932,7.818,0.866,17.135,5,8.0,1
2.394,7.727,12.905,2.381,25.672,8,31.0,1
2.419,1.063,0.0,0.749,4.256,2,5.0,0
1.359,4.746,8.189,0.946,15.145,5,7.0,1
9.307,28.677,28.641,0.725,67.384,8,37.0,1
2.304,21.32,19.573,1.685,45.249,6,58.0,1
0.033,0.113,0.0,0.0,0.125,0,1.0,0
0.075,0.408,0.0,0.0,0.516,1,1.0,0
2.373,15.652,12.331,2.739,33.345,9,30.0,1
3.682,21.02,13.552,3.457,41.541,8,13.0,1
2.434,5.725,4.373,0.834,13.35,3,8.0,1
1.444,1.745,0.407,0.073,3.655,2,2.0,0
2.764,2.845,0.486,0.333,6.475,3,3.0,0
3.142,18.134,21.512,3.348,45.93,4,26.0,1
0.247,0.321,0.0,0.0,0.548,1,1.0,0
0.081,0.32,0.12,0.0,0.535,1,3.0,0
1.183,1.931,0.0,0.698,3.761,2,4.0,0
6.011,11.514,11.002,1.213,29.533,4,58.0,1
0.01,0.092,0.0,0.0,0.098,1,2.0,0
0.057,0.149,0.0,0.0,0.187,0,0.0,0
6.811,15.336,22.426,2.571,47.382,4,31.0,1
0.389,0.454,0.0,0.0,0.808,1,2.0,0
2.933,5.181,8.016,0.134,16.2,5,13.0,1
0.239,0.688,0.0,0.096,1.136,2,1.0,0
5.177,8.252,28.568,0.377,42.274,8,43.0,1
9.255,12.628,11.304,0.951,33.963,3,25.0,1
0.114,0.024,0.0,0.0,0.029,1,1.0,0
6.536,28.585,14.125,0.68,50.026,4,22.0,1
3.578,5.841,27.091,0.396,36.858,4,32.0,1
1.125,5.572,5.55,0.164,12.09,4,17.0,1
0.043,0.049,0.0,0.0,0.038,0,0.0,0
0.036,0.12,0.0,0.0,0.197,0,0.0,0
2.706,4.508,6.151,0.952,14.292,4,7.0,1
6.876,20.892,34.194,1.812,63.985,3,23.0,1
2.43,2.869,0.322,1.329,6.856,3,6.0,0
0.138,0.357,0.0,0.0,0.432,1,0.0,0
6.508,23.469,22.639,1.406,54.059,5,24.0,1
5.502,32.651,28.727,2.258,69.523,3,53.0,1
2.828,24.902,18.828,2.595,49.22,5,23.0,1
7.94,8.32,10.602,3.959,30.957,9,18.0,1
0.031,0.432,0.19,0.0,0.722,0,0.0,0
1.635,2.519,0.738,0.258,5.107,1,6.0,0
0.345,0.405,0.209,0.0,0.981,2,3.0,0
1.742,5.913,34.655,1.606,43.749,6,19.0,1
2.507,7.368,6.098,0.191,16.093,6,9.0,1
7.645,8.383,8.986,1.188,25.705,10,27.0,1
0.099,0.179,0.0,0.0,0.246,0,1.0,0
0.111,0.502,0.0,0.0,0.511,0,0.0,0
0.262,0.539,0.0,0.0,0.837,1,3.0,0
3.336,24.685,15.79,0.775,44.455,5,59.0,1
3.303,24.64,33.799,2.501,64.207,3,52.0,1
7.568,12.288,22.943,2.619,45.585,8,34.0,1
2.127,6.681,7.089,0.008,16.14,4,10.0,1
0.001,0.04,0.0,0.0,0.029,1,0.0,0
7.419,18.144,5.303,0.213,30.972,12,42.0,1
5.433,29.678,33.639,0.301,69.481,4,26.0,1
2.297,7.742,7.46,0.697,17.896,5,15.0,1
0.042,0.205,0.0,0.0,0.299,1,2.0,0
0.655,1.902,0.0,0.71,3.31,1,3.0,0
3.076,8.851,5.129,0.095,17.196,4,11.0,1
8.03,17.066,14.306,1.405,40.708,4,48.0,1
3.707,3.522,0.329,0.617,8.231,1,5.0,0
3.189,23.858,24.321,2.588,54.136,5,16.0,1
1.392,1.812,0.0,0.789,4.035,2,4.0,0
2.213,6.327,4.371,0.11,13.232,6,15.0,1
0.14,0.468,0.0,0.0,0.659,1,2.0,0
5.403,11.681,5.332,2.128,24.56,10,12.0,1
2.084,0.83,0.009,0.602,3.448,1,3.0,0
7.501,14.486,16.324,2.131,40.418,4,18.0,1
0.079,0.009,0.0,0.0,0.017,0,0.0,0
1.905,13.165,15.431,1.937,32.451,3,47.0,1
0.173,0.049,0.0,0.0,0.217,0,0.0,0
2.326,4.985,0.198,1.25,8.847,2,4.0,0
2.114,2.568,0.693,0.109,5.506,2,6.0,0
8.8,14.07,8.155,1.61,32.49,6,24.0,1
4.105,9.098,24.931,1.223,39.292,7,34.0,1
0.3,0.742,0.0,0.0,1.075,1,3.0,0
2.277,16.632,18.223,1.14,38.055,10,13.0,1
7.323,27.882,26.023,0.086,61.204,6,49.0,1
2.929,8.239,13.741,1.986,26.375,5,15.0,1
0.27,0.439,0.0,0.0,0.683,1,2.0,0
0.034,0.062,0.0,0.0,0.063,0,0.0,0
0.386,0.598,0.0,0.0,1.039,2,1.0,0
8.665,18.121,29.455,0.271,56.368,8,19.0,1
0.4,0.187,0.0,0.074,0.604,1,1.0,0
7.494,27.409,24.077,1.294,60.235,8,35.0,1
0.533,0.568,0.017,0.135,1.231,2,4.0,0
1.423,15.998,13.906,0.328,31.708,7,17.0,1
1.983,5.709,12.897,1.076,21.477,5,20.0,1
1.159,4.439,0.111,1.176,6.777,2,4.0,0
4.664,17.071,13.357,2.644,37.67,4,20.0,1
7.783,25.6,28.433,1.219,62.952,4,49.0,1
4.403,4.735,0.034,1.349,10.5,3,4.0,0
3.889,2.184,0.026,0.253,6.355,3,6.0,0
3.039,12.436,10.726,0.287,26.354,4,21.0,1
8.076,20.495,28.386,0.727,57.68,5,57.0,1
0.072,0.942,0.0,0.0,0.939,1,2.0,0
2.899,4.422,0.355,1.476,9.06,1,5.0,0
2.89,3.822,0.496,1.297,8.441,1,5.0,0
4.36,1.637,0.449,1.06,7.463,2,4.0,0
0.197,0.072,0.0,0.0,0.302,0,0.0,0
7.195,20.133,9.475,0.768,37.711,8,24.0,1
3.147,7.73,26.079,0.084,37.147,6,23.0,1
7.103,19.811,18.726,0.909,46.372,7,22.0,1
0.084,0.162,0.0,0.0,0.2,1,1.0,0
0.381,0.272,0.345,0.0,0.929,2,2.0,0
1.914,1.319,0.0,0.397,3.671,1,2.0,0
2.106,4.909,0.072,0.856,7.933,1,3.0,0
5.665,9.491,16.164,1.837,33.65,10,24.0,1
0.113,0.154,0.0,0.0,0.216,1,1.0,0
0.029,0.09,0.0,0.168,0.21,0,0.0,0
3.721,2.24,0.438,1.112,7.535,3,3.0,0
0.335,0.532,0.0,0.0,0.877,2,2.0,0
3.051,2.565,0.391,1.441,7.488,2,4.0,0
3.53,2.694,0.059,1.344,7.612,1,6.0,0
4.13,13.808,25.807,0.283,44.155,3,25.0,1
1.253,2.278,0.167,0.432,4.091,2,4.0,0
0.372,1.137,0.0,0.0,1.463,2,1.0,0
0.16,0.501,0.0,0.0,0.69,1,3.0,0
4.99,7.935,31.09,0.053,43.992,6,34.0,1
8.625,17.319,30.086,0.318,56.524,6,58.0,1
2.273,0.791,0.0,0.38,3.49,1,2.0,0
1.003,1.61,0.0,0.57,3.142,2,2.0,0
3.871,4.005,0.133,0.441,8.38,3,5.0,0
2.017,5.373,5.573,0.941,13.783,5,13.0,1
0.217,0.433,0.0,0.0,0.667,2,2.0,0
0.022,0.05,0.0,0.0,0.125,1,0.0,0
2.858,14.938,10.884,0.687,29.664,4,48.0,1
0.079,0.0,0.0,0.0,0.022,1,1.0,0
5.415,16.466,27.605,2.482,52.087,4,57.0,1
2.594,32.076,14.728,2.753,52.056,5,23.0,1
4.462,3.489,0.211,1.356,9.403,2,3.0,0
6.412,13.713,32.224,1.437,54.016,5,35.0,1
1.099,3.782,5.884,0.353,11.451,6,17.0,1
2.085,1.785,0.152,0.433,4.59,2,3.0,0
0.277,0.077,0.0,0.0,0.347,0,0.0,0
0.029,0.199,0.0,0.0,0.296,0,0.0,0
4.136,10.275,12.869,1.846,29.197,9,37.0,1
2.114,2.64,0.527,0.181,5.489,2,5.0,0
4.333,13.917,20.685,0.065,39.184,3,35.0,1
0.014,0.003,0.0,0.0,0.079,1,0.0,0
0.183,0.266,0.0,0.0,0.467,0,2.0,0
0.007,0.191,0.0,0.0,0.092,1,0.0,0
5.002,19.312,9.492,3.265,36.876,10,24.0,1
2.331,1.494,0.0,0.552,4.288,2,4.0,0
0.03,0.016,0.0,0.0,0.053,0,1.0,0
1.42,4.056,6.492,0.826,12.942,5,16.0,1
0.185,0.361,0.0,0.0,0.621,1,0.0,0
3.135,1.932,0.639,0.104,5.916,2,3.0,0
2.662,3.901,0.447,0.906,7.912,1,3.0,0
5.569,29.822,30.964,0.903,67.144,4,47.0,1
0.076,0.498,0.0,0.0,0.607,1,0.0,0
0.039,0.05,0.0,0.0,0.181,0,2.0,0
0.299,0.375,0.235,0.09,1.056,2,2.0,0
2.855,5.176,5.014,0.359,13.58,3,14.0,1
0.033,0.894,0.0,0.0,0.903,2,1.0,0
5.271,20.311,17.963,3.14,46.906,7,34.0,1
1.944,4.08,3.316,0.04,9.163,6,17.0,1
3.292,26.99,20.489,2.783,53.827,5,54.0,1
2.318,8.172,7.131,0.136,17.732,3,9.0,1
0.02,0.131,0.0,0.0,0.274,0,1.0,0
0.025,0.473,0.0,0.0,0.553,1,2.0,0
2.161,9.112,27.275,0.478,38.808,4,42.0,1
1.5,12.492,10.909,0.338,25.397,6,40.0,1
3.441,1.36,0.124,0.399,5.329,2,4.0,0
1.164,6.16,6.07,0.081,13.223,6,9.0,1
2.602,2.282,0.38,0.026,5.289,3,2.0,0
0.117,0.187,0.0,0.0,0.372,1,0.0,0
0.01,0.43,0.0,0.0,0.445,0,1.0,0
8.412,12.464,34.494,0.371,55.624,5,19.0,1
3.326,8.965,5.998,0.939,19.004,3,16.0,1
4.16,15.641,32.601,0.587,53.269,6,47.0,1
8.51,33.935,17.041,2.103,61.618,7,36.0,1
4.121,31.757,15.045,1.094,51.832,3,22.0,1
0.209,0.711,0.0,0.0,0.927,1,2.0,0
2.316,7.261,5.313,0.702,15.478,4,11.0,1
1.356,1.94,0.253,0.431,3.974,2,4.0,0
0.833,1.714,0.0,0.444,3.06,2,2.0,0
0.061,0.16,0.0,0.0,0.212,0,1.0,0
2.183,2.376,0.216,0.045,4.855,1,6.0,0
3.173,7.684,5.346,0.816,17.137,6,14.0,1
6.795,18.288,13.354,1.371,39.56,6,19.0,1
4.536,25.42,12.72,2.05,44.792,3,57.0,1
0.259,0.005,0.0,0.0,0.344,0,0.0,0
1.425,4.244,6.204,0.906,12.978,5,11.0,1
1.262,1.077,0.725,0.015,3.086,2,5.0,0
0.011,0.495,0.0,0.0,0.582,0,0.0,0
3.757,4.377,0.126,0.347,8.6,2,5.0,0
2.066,1.609,0.186,1.16,5.073,2,5.0,0
0.278,1.121,0.0,0.0,1.409,2,1.0,0
8.233,25.01,23.79,0.068,57.598,8,44.0,1
3.717,4.319,0.359,1.48,9.848,1,6.0,0
0.85,7.157,4.669,0.659,13.671,6,10.0,1
4.947,6.136,11.794,0.315,23.185,4,28.0,1
3.216,2.7,0.73,0.178,6.796,2,5.0,0
0.064,0.992,0.33,0.0,1.352,1,3.0,0
9.291,25.884,15.759,1.225,52.467,8,31.0,1
5.44,15.848,9.781,0.095,31.214,7,50.0,1
4.099,14.715,16.368,0.94,36.081,7,40.0,1
2.142,20.724,31.382,1.58,55.804,6,57.0,1
0.304,0.748,0.0,0.0,1.129,1,2.0,0
2.447,1.276,0.0,0.498,4.241,1,3.0,0
4.445,34.138,16.907,1.102,56.402,8,19.0,1
7.892,24.56,26.122,2.857,61.799,8,28.0,1
0.028,0.113,0.0,0.0,0.124,0,0.0,0
0.066,0.15,0.0,0.0,0.21,1,0.0,0
2.488,8.467,4.908,0.269,16.304,3,8.0,1
0.169,0.649,0.0,0.0,0.745,2,1.0,0
7.86,24.455,16.794,1.663,50.827,9,42.0,1
0.364,0.12,0.0,0.0,0.531,1,0.0,0
0.059,0.394,0.085,0.0,0.465,1,0.0,0
0.184,0.097,0.0,0.0,0.189,0,0.0,0
0.092,0.178,0.0,0.0,0.251,0,0.0,0
1.551,2.003,0.191,0.27,4.03,2,5.0,0
4.754,11.272,16.574,1.964,34.365,6,47.0,1
1.61,0.712,0.0,0.442,2.699,2,5.0,0
1.428,1.969,0.22,0.362,3.947,1,3.0,0
4.614,19.806,12.384,2.672,39.66,8,15.0,1
0.166,0.074,0.0,0.0,0.227,0,1.0,0
2.381,1.752,0.0,0.611,4.724,1,2.0,0
3.976,4.331,0.041,0.891,9.22,2,6.0,0
1.43,8.551,3.623,0.312,14.016,5,14.0,1
6.667,23.782,18.635,2.968,51.571,6,58.0,1
7.256,7.74,6.743,0.235,22.194,4,23.0,1
2.353,2.789,0.26,1.239,6.665,1,3.0,0
0.093,0.079,0.0,0.0,0.144,1,0.0,0
0.009,0.818,0.0,0.0,0.794,2,3.0,0
8.319,21.068,15.501,2.262,46.761,5,29.0,1
7.731,14.844,12.656,2.523,37.721,6,19.0,1
2.685,1.932,0.483,1.011,6.082,3,6.0,0
0.328,0.508,0.0,0.112,0.947,2,1.0,0
6.569,13.602,9.42,3.994,33.364,5,27.0,1
4.994,15.958,21.766,1.691,44.3,4,46.0,1
3.451,8.698,29.566,0.443,41.846,7,23.0,1
2.334,9.716,19.37,1.618,32.699,12,16.0,1
1.932,1.909,0.0,0.534,4.422,1,3.0,0
2.363,1.144,0.0,0.279,3.806,1,4.0,0
0.164,0.686,0.0,0.0,0.799,2,2.0,0
1.644,5.426,25.562,0.164,32.29,5,19.0,1
0.093,0.02,0.0,0.0,0.151,0,0.0,0
0.339,0.491,0.0,0.0,0.861,1,1.0,0
0.016,0.141,0.0,0.0,0.101,0,2.0,0
0.192,0.001,0.0,0.0,0.143,0,0.0,0
6.962,6.555,18.786,1.323,33.508,9,44.0,1
7.66,8.58,27.517,2.342,46.426,4,35.0,1
0.331,1.149,0.0,0.0,1.43,2,1.0,0
0.019,0.086,0.0,0.0,0.129,0,1.0,0
4.387,21.54,20.374,3.551,49.77,7,36.0,1
3.273,2.501,0.742,0.191,6.743,2,4.0,0
1.576,1.338,0.0,0.225,3.201,1,5.0,0
4.596,9.134,28.702,0.518,43.007,5,44.0,1
1.356,15.661,15.545,0.435,33.297,6,24.0,1
0.042,0.328,0.0,0.0,0.479,1,0.0,0
0.816,8.841,5.319,0.345,15.557,5,11.0,1
3.439,2.233,0.391,0.086,6.205,2,5.0,0
6.549,12.722,23.348,2.656,45.311,6,52.0,1
1.117,6.137,5.525,0.263,12.767,5,16.0,1
0.006,0.0,0.0,0.0,0.0,0,1.0,0
0.32,0.211,0.0,0.0,0.608,1,0.0,0
3.15,1.42,0.338,0.398,5.26,3,4.0,0
0.256,0.268,0.0,0.0,0.497,1,3.0,0
9.473,21.486,26.075,2.597,59.375,7,34.0,1
1.685,1.297,0.0,0.329,3.336,1,2.0,0
2.019,4.326,5.248,0.688,12.209,4,16.0,1
4.809,4.427,12.879,0.004,22.223,2,30.0,1
2.781,2.945,0.791,0.148,6.69,1,4.0,0
1.291,1.074,0.681,0.096,3.171,2,6.0,0
5.477,18.884,24.893,2.7,52.247,3,32.0,1
0.255,0.646,0.0,0.0,0.837,2,3.0,0
2.324,8.306,8.123,0.784,19.799,6,16.0,1
5.564,12.267,16.51,3.305,37.606,11,23.0,1
5.705,18.37,21.073,3.855,49.058,6,33.0,1
6.053,6.25,7.651,0.963,20.719,11,22.0,1
3.966,10.273,26.046,1.072,41.811,4,34.0,1
0.797,1.764,0.0,0.386,3.015,2,2.0,0
0.107,0.16,0.0,0.0,0.331,0,1.0,0
0.009,0.095,0.0,0.0,0.111,1,0.0,0
2.119,7.006,16.363,2.026,27.242,6,20.0,1
0.309,0.609,0.0,0.0,0.921,1,3.0,0
1.396,1.522,0.0,0.337,3.349,1,5.0,0
4.393,7.119,10.97,1.975,24.634,11,17.0,1
0.129,0.461,0.148,0.0,0.667,1,1.0,0
0.022,0.005,0.0,0.0,0.0,0,0.0,0
7.632,25.205,16.338,2.672,51.793,6,47.0,1
1.441,1.182,0.2,0.109,2.963,2,5.0,0
1.819,4.093,5.306,0.707,12.005,3,17.0,1
0.001,0.057,0.0,0.0,0.08,0,0.0,0
1.411,15.508,38.864,0.91,56.806,3,39.0,1
0.156,0.019,0.0,0.0,0.18,0,1.0,0
7.837,19.517,13.593,3.806,44.719,12,28.0,1
1.177,1.294,0.0,0.334,2.71,2,2.0,0
6.997,19.399,5.917,2.715,34.929,9,16.0,1
1.728,11.226,20.213,1.37,33.982,5,38.0,1
2.15,2.692,0.404,0.368,5.586,3,6.0,0
2.138,8.561,3.284,0.809,14.879,4,7.0,1
1.482,1.988,0.0,0.719,4.16,2,4.0,0
0.364,0.207,0.0,0.0,0.642,2,3.0,0
0.078,0.457,0.0,0.0,0.544,2,1.0,0
0.299,0.944,0.0,0.0,1.247,2,2.0,0
2.948,13.905,18.648,3.171,38.996,4,38.0,1
1.701,3.787,0.425,0.702,6.623,3,7.0,0
4.137,2.275,0.248,0.538,7.18,3,3.0,0
2.428,17.93,17.264,1.292,38.834,8,12.0,1
8.512,30.173,22.141,2.369,63.264,5,35.0,1
7.807,9.945,12.355,1.857,32.185,4,44.0,1
2.88,4.397,0.055,0.835,8.215,2,5.0,0
2.736,7.019,5.612,0.235,15.822,3,9.0,1
2.17,2.233,0.142,0.207,4.772,2,6.0,0
0.06,0.352,0.0,0.0,0.429,0,0.0,0
8.841,30.948,12.382,0.432,52.136,7,45.0,1
4.354,8.606,25.724,0.51,39.165,8,52.0,1
0.088,0.145,0.0,0.0,0.194,1,1.0,0
3.114,2.521,0.707,0.014,6.332,2,4.0,0
2.802,4.27,0.412,1.496,9.0,2,6.0,0
1.982,1.068,0.0,0.264,3.283,1,2.0,0
9.189,23.849,31.521,1.863,66.293,7,54.0,1
4.908,30.071,10.585,2.977,48.765,4,43.0,1
8.087,30.802,17.022,2.437,58.459,6,33.0,1
4.714,8.518,31.022,1.452,45.591,5,28.0,1
4.923,15.349,9.868,3.013,33.221,8,22.0,1
4.398,9.607,21.623,1.339,37.286,7,26.0,1
4.262,8.053,12.102,2.18,26.685,4,31.0,1
5.692,19.773,9.39,0.603,35.554,8,30.0,1
4.202,8.324,18.866,1.163,32.715,5,41.0,1
0.286,0.767,0.0,0.0,0.993,2,3.0,0
4.188,9.281,21.294,0.477,35.273,7,29.0,1
4.885,26.101,33.581,2.625,67.353,3,51.0,1
7.866,14.248,34.305,0.357,56.605,7,24.0,1
9.307,33.134,30.528,1.677,74.725,3,30.0,1
0.069,1.175,0.0,0.0,1.308,1,2.0,0
0.086,0.975,0.0,0.0,1.131,1,1.0,0
0.96,1.95,0.0,0.698,3.679,1,2.0,0
2.758,4.125,3.549,0.495,10.762,3,14.0,1
9.153,27.489,30.907,0.116,67.428,6,38.0,1
0.02,0.035,0.0,0.0,0.091,0,0.0,0
2.113,7.65,12.656,2.065,24.168,11,31.0,1
4.388,6.128,14.108,1.15,25.642,3,43.0,1
1.867,5.117,6.786,0.521,14.052,4,7.0,1
1.286,3.808,0.124,0.433,5.684,2,5.0,0
1.369,3.935,8.245,0.02,13.51,3,7.0,1
0.045,0.041,0.0,0.0,0.056,1,0.0,0
0.24,0.191,0.0,0.0,0.472,1,0.0,0
2.804,1.545,0.199,0.287,4.847,2,4.0,0
0.025,0.74,0.0,0.0,0.701,1,0.0,0
0.035,0.141,0.0,0.0,0.237,0,0.0,0
4.71,17.315,27.401,1.767,51.226,8,43.0,1
0.383,0.719,0.0,0.144,1.232,1,1.0,0
3.996,4.319,23.49,0.792,32.705,4,27.0,1
2.449,1.51,0.0,0.245,4.24,2,2.0,0
0.044,0.216,0.0,0.0,0.358,1,1.0,0
0.353,0.712,0.0,0.0,1.072,1,1.0,0
6.152,10.661,16.482,1.88,35.113,6,20.0,1
8.281,14.866,24.739,0.11,47.826,5,37.0,1
7.699,9.327,9.9,1.031,27.743,5,54.0,1
0.225,0.564,0.0,0.0,0.702,2,3.0,0
9.77,31.329,20.646,0.185,61.568,7,15.0,1
1.399,2.864,0.289,0.335,4.953,1,2.0,0
0.094,0.922,0.0,0.0,1.045,2,3.0,0
0.001,0.877,0.0,0.0,0.906,1,3.0,0
2.329,0.841,0.0,0.135,3.251,1,4.0,0
0.002,0.434,0.0,0.0,0.403,0,0.0,0
1.532,1.67,0.437,0.473,4.111,2,2.0,0
3.27,13.311,30.423,0.712,47.623,6,38.0,1
4.376,5.103,32.476,1.547,43.581,5,18.0,1
4.239,4.293,0.115,0.462,9.122,2,4.0,0
0.103,1.048,0.0,0.101,1.314,1,1.0,0
0.163,0.875,0.0,0.0,1.11,1,2.0,0
0.105,0.295,0.0,0.0,0.47,0,1.0,0
0.282,0.215,0.0,0.0,0.474,1,2.0,0
2.106,3.893,0.301,0.376,6.695,2,4.0,0
0.107,0.343,0.0,0.043,0.566,0,0.0,0
2.784,7.08,5.131,0.743,15.946,4,9.0,1
8.977,20.522,33.612,2.502,65.678,8,28.0,1
7.996,29.626,26.696,2.37,66.764,6,54.0,1
2.301,1.704,0.0,0.518,4.509,2,3.0,0
2.567,7.036,4.376,0.001,13.971,5,8.0,1
0.03,0.137,0.0,0.0,0.136,1,0.0,0
0.142,0.074,0.0,0.0,0.193,0,0.0,0
7.37,13.407,21.977,3.466,46.301,10,26.0,1
4.859,17.55,27.344,1.339,50.696,6,51.0,1
2.308,19.075,13.924,2.556,37.997,10,30.0,1
2.482,8.563,12.616,1.245,24.905,5,38.0,1
6.522,9.136,5.396,2.972,23.786,5,20.0,1
0.217,0.16,0.0,0.0,0.355,0,0.0,0
6.399,14.846,17.235,0.464,38.716,7,27.0,1
0.102,0.872,0.0,0.0,0.95,1,2.0,0
2.543,5.977,7.434,0.842,16.976,4,7.0,1
6.255,24.537,6.105,2.682,39.503,11,15.0,1
1.301,1.088,0.0,0.208,2.681,2,5.0,0
1.098,5.794,8.399,0.525,15.598,6,14.0,1
3.036,33.152,18.099,2.751,57.29,6,25.0,1
6.45,9.022,16.3,3.015,34.778,11,26.0,1
2.767,3.001,0.494,0.428,6.72,1,3.0,0
7.609,13.353,18.637,2.2,41.798,8,23.0,1
0.102,0.104,0.144,0.0,0.344,0,0.0,0
4.141,21.827,24.408,1.401,51.959,5,59.0,1
3.913,30.66,20.813,1.431,56.801,8,27.0,1
7.037,13.105,14.1,3.244,37.643,10,24.0,1
1.158,8.206,21.0,0.097,30.404,4,40.0,1
4.96,15.288,16.933,2.122,39.354,5,56.0,1
4.143,17.265,11.56,0.933,33.727,7,17.0,1
0.791,1.492,0.0,0.353,2.594,2,3.0,0
7.605,23.494,8.253,1.585,40.975,9,20.0,1
0.204,0.221,0.0,0.0,0.367,1,2.0,0
8.66,21.522,18.589,0.518,49.474,3,20.0,1
1.375,2.019,0.412,0.428,4.275,1,6.0,0
2.244,2.885,0.578,0.293,5.936,1,5.0,0
0.298,0.624,0.0,0.0,0.88,2,1.0,0
2.59,32.388,28.135,1.121,64.259,3,40.0,1
3.382,32.341,17.303,1.939,55.128,7,35.0,1
1.92,6.488,5.779,0.882,15.552,5,10.0,1
9.185,15.798,26.748,0.436,51.965,5,50.0,1
2.739,20.789,12.244,0.371,35.835,11,40.0,1
2.367,4.732,5.348,0.991,13.159,4,10.0,1
8.226,30.243,32.626,0.849,72.007,3,54.0,1
0.121,0.4,0.0,0.0,0.527,1,0.0,0
2.427,1.926,0.0,0.419,4.764,2,3.0,0
3.456,14.253,11.101,2.609,31.463,7,34.0,1
3.109,6.819,6.964,0.038,16.759,6,10.0,1
0.171,0.072,0.0,0.0,0.138,0,1.0,0
1.461,6.951,18.649,0.884,27.604,7,40.0,1
4.736,13.808,27.222,0.707,46.339,5,27.0,1
2.326,5.302,39.085,0.802,47.564,3,35.0,1
7.143,6.492,5.847,2.837,22.291,5,29.0,1
2.785,6.915,7.658,2.885,20.425,12,27.0,1
0.252,0.153,0.0,0.0,0.367,1,0.0,0
1.812,1.229,0.698,0.313,4.023,2,5.0,0
5.962,17.287,18.449,2.38,44.115,5,17.0,1
0.366,0.509,0.0,0.0,0.846,1,2.0,0
1.68,6.401,4.962,0.69,13.71,6,12.0,1
4.9,20.339,9.166,0.498,34.309,4,42.0,1
6.401,12.562,14.662,1.781,35.182,8,37.0,1
1.251,1.749,0.0,0.29,3.328,2,2.0,0
4.558,13.417,24.906,2.298,45.124,3,32.0,1
0.089,0.051,0.0,0.0,0.093,0,0.0,0
3.07,3.863,4.93,0.946,12.494,5,15.0,1
1.457,1.374,0.124,0.529,3.562,1,5.0,0
2.851,8.615,28.49,1.152,41.137,4,48.0,1
6.623,13.931,13.637,1.812,35.874,5,36.0,1
1.241,4.518,0.288,1.116,7.23,2,5.0,0
0.335,0.548,0.0,0.0,0.923,1,3.0,0
1.828,7.51,6.869,0.544,16.833,4,15.0,1
3.783,7.866,6.607,0.806,19.153,12,37.0,1
0.28,0.372,0.0,0.0,0.713,2,2.0,0
0.032,0.423,0.0,0.0,0.421,1,0.0,0
3.496,3.532,6.652,0.122,13.964,4,9.0,1
8.865,14.979,25.067,0.222,49.009,8,24.0,1
2.534,2.212,0.399,1.083,6.304,1,6.0,0
7.689,12.387,7.676,1.929,29.748,4,31.0,1
0.014,0.919,0.0,0.0,0.878,2,1.0,0
0.122,0.059,0.0,0.0,0.233,1,0.0,0
3.95,3.394,0.357,1.431,9.115,2,5.0,0
2.403,2.773,0.391,0.345,5.894,3,2.0,0
6.818,20.268,10.696,0.669,38.592,10,13.0,1
0.007,0.272,0.0,0.0,0.313,1,2.0,0
4.01,16.786,31.134,0.166,52.113,6,39.0,1
9.741,8.409,8.018,2.067,28.177,3,24.0,1
2.223,6.065,6.873,0.059,15.274,6,14.0,1
0.234,0.02,0.0,0.0,0.167,1,1.0,0
3.154,12.626,20.603,0.936,36.989,6,56.0,1
3.208,6.035,30.131,1.834,41.035,4,30.0,1
2.588,5.151,7.063,0.673,15.31,5,11.0,1
0.317,0.208,0.0,0.0,0.505,0,1.0,0
7.321,17.679,20.817,1.289,46.725,11,12.0,1
1.576,1.291,0.457,0.321,3.658,3,6.0,0
2.953,3.065,0.338,0.769,7.01,1,5.0,0
5.446,21.602,9.324,1.774,37.999,3,41.0,1
4.079,3.758,0.067,1.147,9.055,3,4.0,0
2.278,1.723,0.24,0.313,4.463,3,3.0,0
0.319,0.461,0.0,0.0,0.639,2,3.0,0
2.908,2.44,0.33,0.386,6.061,2,5.0,0
1.349,0.766,0.0,0.744,2.772,1,2.0,0
0.202,0.018,0.0,0.0,0.059,0,0.0,0
2.092,31.915,32.799,1.439,68.134,7,35.0,1
2.046,1.379,0.0,0.619,3.942,2,2.0,0
4.139,6.811,12.846,0.375,23.852,5,17.0,1
6.036,17.446,14.933,0.894,39.468,7,31.0,1
1.501,10.173,36.19,0.349,48.321,7,34.0,1
1.839,1.256,0.281,0.325,3.718,1,3.0,0
0.062,0.013,0.0,0.0,0.061,1,0.0,0
0.164,0.421,0.0,0.0,0.518,2,1.0,0
0.016,0.471,0.004,0.0,0.451,1,0.0,0
0.06,0.266,0.055,0.0,0.408,0,0.0,0
0.093,0.062,0.0,0.0,0.157,0,0.0,0
0.107,0.131,0.0,0.0,0.122,0,1.0,0
2.179,5.116,6.979,0.585,15.051,5,17.0,1
0.525,1.992,0.0,0.234,2.691,2,4.0,0
0.005,0.149,0.0,0.0,0.218,1,0.0,0
0.062,0.067,0.0,0.0,0.137,1,0.0,0
6.203,15.748,14.89,3.559,40.443,8,24.0,1
1.125,8.267,17.097,1.911,27.887,7,45.0,1
6.31,14.208,28.8,2.077,51.08,8,32.0,1
1.876,5.86,3.21,0.283,11.184,6,8.0,1
6.383,10.866,25.363,0.766,43.618,5,59.0,1
0.859,6.128,3.069,0.336,10.568,3,14.0,1
0.166,0.887,0.0,0.0,1.134,1,1.0,0
6.96,21.221,31.034,2.001,61.281,5,48.0,1
2.019,19.103,6.614,3.643,31.045,5,15.0,1
1.571,7.296,5.737,0.257,14.894,5,11.0,1
5.391,12.378,12.514,2.978,33.215,5,22.0,1
3.74,2.584,0.251,0.212,6.777,1,6.0,0
6.957,30.531,8.492,1.889,48.051,4,18.0,1
1.079,7.301,7.196,0.562,16.116,4,9.0,1
1.323,1.409,0.0,0.291,3.009,2,2.0,0
1.009,3.997,3.55,0.032,8.872,4,17.0,1
3.799,20.033,15.394,2.411,41.455,3,58.0,1
0.192,0.001,0.0,0.0,0.156,0,1.0,0
1.138,0.658,0.0,0.25,1.99,1,3.0,0
2.612,10.972,30.278,0.729,44.439,7,49.0,1
1.19,1.746,0.0,0.122,3.059,2,4.0,0
0.135,0.089,0.0,0.0,0.22,1,2.0,0
0.099,0.322,0.0,0.0,0.436,1,2.0,0
0.129,0.034,0.0,0.0,0.142,0,1.0,0
0.0,0.434,0.0,0.0,0.461,0,0.0,0
7.036,22.859,14.309,2.275,46.393,7,56.0,1
0.04,0.151,0.0,0.0,0.253,1,0.0,0
0.144,0.438,0.0,0.0,0.514,2,1.0,0
2.959,4.332,26.254,1.806,35.264,6,21.0,1
0.022,0.101,0.0,0.0,0.081,0,0.0,0
1.374,7.579,6.937,0.595,16.419,3,10.0,1
2.131,6.871,23.004,1.229,33.326,4,38.0,1
0.062,0.026,0.0,0.037,0.12,1,1.0,0
2.307,15.987,18.647,3.038,39.862,8,31.0,1
0.306,0.866,0.0,0.0,1.226,1,1.0,0
0.166,0.67,0.0,0.0,0.956,1,1.0,0
1.789,2.206,0.607,0.128,4.69,1,4.0,0
1.034,4.919,0.226,1.449,7.611,2,7.0,0
5.234,11.705,24.405,2.482,43.958,8,25.0,1
4.623,17.514,5.431,3.789,31.343,8,41.0,1
0.115,0.024,0.0,0.0,0.133,1,0.0,0
2.087,9.92,5.754,1.946,20.131,9,15.0,1
8.016,15.252,15.204,2.83,41.059,3,22.0,1
5.385,18.018,17.592,3.84,44.64,8,33.0,1
2.866,1.353,0.439,0.435,5.172,2,2.0,0
1.368,2.609,0.231,0.495,4.725,3,6.0,0
2.085,11.521,25.446,0.388,39.206,6,27.0,1
2.469,14.698,29.631,1.285,48.057,4,47.0,1
3.271,17.176,39.591,0.745,61.131,6,15.0,1
2.355,3.82,0.43,0.37,6.952,3,7.0,0
0.127,0.007,0.0,0.0,0.155,0,0.0,0
7.813,25.717,26.379,1.112,61.388,6,55.0,1
5.844,28.479,22.716,1.245,58.266,6,22.0,1
6.958,34.761,30.032,2.916,74.734,3,54.0,1
6.55,33.472,20.618,2.436,62.483,5,42.0,1
0.024,0.052,0.0,0.0,0.101,0,0.0,0
0.037,0.046,0.0,0.0,0.129,1,0.0,0
4.181,4.566,0.176,1.434,10.401,3,7.0,0
0.001,0.505,0.0,0.056,0.531,0,1.0,0
0.028,0.197,0.0,0.0,0.14,0,0.0,0
2.216,0.702,0.0,0.73,3.603,2,5.0,0
0.045,0.709,0.0,0.021,0.744,2,2.0,0
0.106,0.752,0.0,0.0,0.911,1,1.0,0
7.394,21.045,11.705,0.227,40.437,12,29.0,1
5.817,14.411,11.961,3.864,36.306,11,16.0,1
5.257,9.401,19.841,3.81,38.21,8,18.0,1
4.548,31.381,18.609,1.13,55.819,8,57.0,1
6.204,10.468,19.453,2.561,38.556,12,34.0,1
1.858,5.134,5.431,0.426,12.621,6,17.0,1
0.22,0.231,0.0,0.0,0.455,2,2.0,0
0.091,0.346,0.0,0.0,0.461,0,0.0,0
1.763,4.684,5.528,0.656,12.884,5,10.0,1
2.323,21.48,10.957,1.364,36.473,5,16.0,1
1.289,7.657,5.282,0.401,14.185,6,7.0,1
2.653,4.965,0.23,1.369,9.276,1,3.0,0
0.067,0.248,0.0,0.249,0.56,1,1.0,0
3.381,6.178,13.884,1.772,25.102,6,18.0,1
4.555,17.616,20.954,0.463,43.396,6,38.0,1
2.698,2.536,0.015,1.155,6.441,3,4.0,0
1.08,7.935,4.353,0.32,14.226,6,15.0,1
0.048,0.019,0.0,0.0,0.078,1,0.0,0
0.241,0.752,0.0,0.057,1.01,2,3.0,0
1.728,5.168,10.586,0.097,17.711,4,15.0,1
6.834,33.858,16.487,1.51,58.378,6,17.0,1
1.776,1.523,0.689,0.198,4.216,1,2.0,0
3.858,4.851,0.257,0.637,9.553,2,4.0,0
2.36,22.267,30.494,1.042,56.166,8,45.0,1
9.731,31.636,13.791,0.651,55.448,3,52.0,1
3.5,22.42,21.936,0.674,48.718,6,48.0,1
0.398,0.625,0.0,0.0,1.013,1,1.0,0
2.453,1.849,0.0,0.559,4.899,2,3.0,0
2.578,24.84,20.56,3.53,51.287,4,21.0,1
2.964,16.212,17.604,1.497,38.149,6,26.0,1
6.67,13.089,20.182,0.967,40.871,4,23.0,1
0.385,0.289,0.0,0.0,0.658,1,1.0,0
3.556,13.772,16.631,3.085,37.046,12,19.0,1
0.208,0.0,0.0,0.0,0.21,0,0.0,0
2.298,3.755,4.988,0.019,11.165,4,13.0,1
5.726,26.686,27.197,1.651,61.455,7,58.0,1
1.793,1.708,0.0,0.789,4.387,1,2.0,0
0.317,0.422,0.0,0.0,0.742,1,0.0,0
3.936,22.212,24.505,0.108,51.084,6,44.0,1
0.103,0.06,0.0,0.0,0.159,1,0.0,0
6.473,24.129,11.881,2.515,44.87,6,23.0,1
0.881,0.777,0.0,0.775,2.451,2,5.0,0
4.349,20.73,30.861,2.403,58.591,3,45.0,1
9.811,25.917,30.618,1.021,67.313,5,24.0,1
1.576,5.105,3.354,0.54,10.101,6,12.0,1
4.102,26.172,29.462,0.57,59.779,5,16.0,1
0.06,0.638,0.0,0.0,0.717,1,3.0,0
0.846,1.604,0.0,0.688,3.158,2,3.0,0
2.162,2.124,0.154,0.219,4.599,3,2.0,0
7.297,15.354,29.469,0.581,52.761,5,28.0,1
0.281,0.999,0.0,0.0,1.276,1,1.0,0
9.589,33.218,24.248,1.44,68.413,8,42.0,1
4.533,14.424,29.948,0.301,49.311,5,44.0,1
1.21,7.802,6.657,0.877,16.581,6,9.0,1
5.459,12.597,13.328,1.202,32.394,5,17.0,1
2.165,1.888,0.47,0.297,4.805,1,5.0,0
1.109,1.231,0.0,0.741,3.084,1,4.0,0
3.885,29.115,13.416,2.776,48.96,5,31.0,1
2.502,25.941,22.566,0.367,51.636,6,27.0,1
5.052,33.555,10.401,2.685,51.715,8,20.0,1
3.684,19.11,8.479,0.091,31.398,5,57.0,1
0.014,0.123,0.0,0.0,0.123,1,0.0,0
3.604,1.805,0.493,0.254,6.132,2,6.0,0
6.791,12.971,8.572,1.552,30.036,6,21.0,1
5.291,19.738,12.858,1.564,39.515,6,28.0,1
0.032,0.206,0.0,0.0,0.253,0,0.0,0
0.397,0.049,0.0,0.0,0.351,0,0.0,0
4.916,8.976,23.88,1.593,39.685,6,42.0,1
2.798,11.434,26.803,1.66,42.332,3,52.0,1
1.449,2.843,0.495,0.281,4.976,3,2.0,0
0.103,0.018,0.0,0.0,0.139,1,0.0,0
3.772,2.555,0.384,1.225,8.011,2,4.0,0
0.013,0.11,0.0,0.0,0.204,1,0.0,0
0.002,0.071,0.0,0.0,0.105,0,0.0,0
3.499,12.232,15.765,0.949,32.383,5,47.0,1
3.229,7.668,8.281,0.865,20.078,4,11.0,1
0.165,0.352,0.0,0.0,0.57,1,3.0,0
0.19,0.403,0.0,0.0,0.626,2,1.0,0
0.528,1.159,0.0,0.563,2.237,2,2.0,0
3.855,7.595,13.653,1.951,27.204,12,13.0,1
5.149,28.708,26.079,0.174,60.141,3,31.0,1
1.861,3.854,0.275,0.924,6.907,1,4.0,0
9.604,22.911,16.135,1.17,49.874,8,25.0,1
4.238,15.938,26.431,1.32,47.764,6,39.0,1
2.576,16.964,17.332,1.788,38.581,7,24.0,1
5.107,22.45,9.579,3.045,40.676,8,24.0,1
6.987,12.449,22.138,2.04,43.756,4,49.0,1
0.016,0.022,0.194,0.0,0.243,0,0.0,0
7.925,9.102,5.104,3.103,25.172,9,15.0,1
2.012,4.939,0.277,0.875,8.098,3,7.0,0
8.83,11.242,17.862,2.608,40.508,8,54.0,1
0.114,0.177,0.0,0.0,0.333,1,1.0,0
1.049,8.551,8.1,0.447,18.106,6,9.0,1
0.014,0.022,0.0,0.0,0.013,0,1.0,0
2.615,9.246,8.946,2.256,22.697,3,21.0,1
2.797,2.396,0.21,0.432,5.828,3,6.0,0
0.142,0.353,0.0,0.0,0.463,1,2.0,0
1.044,5.545,4.784,0.598,12.343,5,12.0,1
4.302,25.057,28.562,1.577,60.007,6,45.0,1
0.017,0.217,0.0,0.0,0.313,0,0.0,0
1.378,7.949,3.059,0.059,12.187,5,17.0,1
1.765,2.795,0.232,0.682,5.444,2,6.0,0
0.078,0.156,0.0,0.0,0.288,1,0.0,0
4.078,1.694,0.307,0.792,7.034,3,3.0,0
0.013,0.027,0.0,0.0,0.0,1,0.0,0
2.944,7.825,7.424,0.273,18.435,3,11.0,1
2.708,18.909,19.925,2.733,44.156,7,12.0,1
8.382,32.096,13.34,0.255,54.048,6,31.0,1
0.055,0.292,0.0,0.0,0.306,0,0.0,0
5.772,24.477,26.981,2.651,59.839,4,36.0,1
0.012,0.065,0.0,0.0,0.044,1,0.0,0
0.393,1.154,0.0,0.0,1.672,1,1.0,0
3.219,1.365,0.315,0.221,5.205,3,6.0,0
1.421,2.9,0.63,0.13,5.079,1,3.0,0
3.032,4.535,7.178,0.321,14.999,6,12.0,1
3.782,21.678,9.023,1.812,36.661,8,44.0,1
3.809,4.766,0.492,0.699,9.78,1,3.0,0
1.46,4.691,7.274,0.252,13.392,6,11.0,1
7.089,10.479,5.631,3.784,26.924,11,20.0,1
2.137,1.272,0.0,0.707,4.061,1,4.0,0
0.028,0.006,0.0,0.0,0.065,0,0.0,0
8.338,26.298,28.948,0.37,63.918,7,22.0,1
7.431,7.378,20.587,0.224,35.435,9,36.0,1
2.894,6.211,21.509,1.783,32.864,3,39.0,1
6.759,30.183,21.828,2.819,61.427,7,40.0,1
0.082,0.089,0.0,0.0,0.144,0,0.0,0
1.382,0.598,0.0,0.736,2.678,2,3.0,0
1.514,1.516,0.0,0.753,3.781,1,4.0,0
1.51,7.371,7.054,0.742,16.376,3,15.0,1
1.091,6.72,6.171,0.866,14.62,3,15.0,1
1.258,7.384,7.838,0.294,16.682,4,10.0,1
0.032,0.004,0.0,0.0,0.023,0,1.0,0
0.06,0.085,0.0,0.0,0.129,1,0.0,0
1.989,7.259,10.116,1.601,21.124,3,26.0,1
5.77,15.002,19.867,3.792,44.754,12,26.0,1
2.075,12.48,13.013,1.748,29.692,4,16.0,1
4.6,5.294,33.744,0.707,44.501,5,41.0,1
1.51,1.867,0.0,0.732,4.1,2,5.0,0
5.996,13.748,19.795,0.121,39.929,5,41.0,1
2.165,28.967,26.42,1.809,59.669,8,33.0,1
2.363,6.251,4.156,0.352,13.159,4,16.0,1
0.223,1.069,0.0,0.0,1.253,1,2.0,0
1.187,0.617,0.059,0.616,2.427,1,3.0,0
0.064,0.41,0.0,0.0,0.488,1,0.0,0
0.061,0.319,0.0,0.0,0.408,2,3.0,0
7.865,9.435,17.861,1.903,37.184,8,16.0,1
3.407,3.836,0.083,0.373,7.748,3,3.0,0
2.621,3.914,3.732,0.764,10.896,4,16.0,1
3.948,31.646,12.1,0.652,48.528,4,56.0,1
2.183,17.316,28.045,0.336,47.955,2,24.0,1
0.001,0.375,0.0,0.0,0.354,1,2.0,0
0.003,0.135,0.0,0.0,0.158,1,0.0,0
0.123,0.072,0.0,0.0,0.183,1,0.0,0
1.163,11.183,29.081,0.873,42.236,3,18.0,1
2.928,14.167,37.545,1.878,56.698,5,40.0,1
0.099,0.278,0.0,0.0,0.363,0,1.0,0
3.36,2.562,0.076,0.545,6.538,2,7.0,0
0.198,0.12,0.0,0.0,0.371,0,0.0,0
1.708,6.735,5.445,0.755,14.705,3,8.0,1
3.209,4.178,33.34,1.996,42.645,6,22.0,1
1.58,6.163,3.85,0.465,12.065,5,7.0,1
3.367,7.549,6.167,0.28,17.422,5,14.0,1
4.491,12.289,8.265,1.522,26.664,8,16.0,1
7.193,6.157,15.349,0.411,28.972,5,39.0,1
5.449,11.178,13.989,0.609,31.083,12,23.0,1
5.778,18.289,7.58,1.145,32.894,4,28.0,1
0.177,0.268,0.0,0.0,0.416,2,1.0,0
5.883,17.335,17.318,0.616,41.191,4,47.0,1
0.636,0.592,0.0,0.123,1.346,2,4.0,0
2.525,15.163,10.794,1.503,30.059,5,45.0,1
0.035,0.164,0.0,0.0,0.189,0,0.0,0
2.285,0.807,0.267,0.5,3.893,2,5.0,0
3.479,2.774,0.239,0.989,7.526,2,6.0,0
6.603,8.207,31.769,2.567,49.342,3,48.0,1
2.257,5.094,7.398,0.663,15.305,6,15.0,1
8.391,25.434,17.516,2.698,54.056,6,18.0,1
4.694,13.688,20.688,1.181,40.495,3,47.0,1
0.041,0.13,0.0,0.0,0.202,1,1.0,0
0.094,0.086,0.0,0.0,0.202,1,0.0,0
0.066,0.101,0.0,0.0,0.193,1,0.0,0
0.212,0.358,0.0,0.0,0.505,2,3.0,0
0.758,1.731,0.0,0.667,3.063,2,2.0,0
1.641,1.761,0.349,1.142,4.963,3,5.0,0
1.24,8.131,4.781,0.237,14.272,5,7.0,1
2.365,2.482,0.095,0.276,5.199,1,4.0,0
0.04,0.04,0.0,0.0,0.091,1,2.0,0
2.887,17.44,6.062,3.41,30.064,7,32.0,1
2.108,7.578,4.961,0.451,15.21,5,15.0,1
0.23,0.968,0.0,0.0,1.138,2,3.0,0
6.821,15.873,17.58,1.899,42.248,11,37.0,1
2.502,13.195,29.561,1.71,46.943,5,42.0,1
2.042,4.256,5.001,0.774,11.793,6,8.0,1
7.54,20.671,18.903,0.424,47.405,5,14.0,1
7.819,6.893,12.368,1.476,28.469,11,38.0,1
2.631,26.21,9.336,2.263,40.624,8,30.0,1
3.458,29.444,20.773,0.805,54.513,7,51.0,1
3.093,4.402,0.246,0.554,8.341,1,5.0,0
4.325,4.964,39.28,1.982,50.287,4,37.0,1
7.628,22.493,30.107,1.257,61.528,3,33.0,1
2.856,5.771,4.233,0.749,13.705,5,9.0,1
0.247,0.286,0.0,0.0,0.641,2,2.0,0
2.077,6.35,7.755,0.524,17.05,6,13.0,1
4.027,16.069,17.504,3.418,40.809,9,16.0,1
7.544,10.587,20.867,3.0,41.626,4,27.0,1
7.684,21.082,9.305,1.072,39.2,3,39.0,1
0.315,0.596,0.278,0.0,1.153,2,2.0,0
4.414,9.323,30.647,1.76,46.467,4,36.0,1
0.08,0.623,0.0,0.0,0.732,2,1.0,0
2.083,10.539,20.33,0.889,34.344,9,35.0,1
2.518,7.184,35.089,0.882,45.315,6,48.0,1
3.183,3.161,0.231,1.464,8.044,1,4.0,0
0.069,0.081,0.0,0.0,0.21,1,1.0,0
0.073,0.298,0.0,0.0,0.464,1,0.0,0
0.279,0.511,0.0,0.0,0.786,2,3.0,0
1.148,6.59,4.758,0.727,13.017,3,9.0,1
2.953,1.775,0.704,0.246,5.68,2,2.0,0
3.829,31.307,11.355,1.336,47.811,8,41.0,1
4.507,19.068,15.701,1.749,41.43,6,46.0,1
9.701,26.404,33.825,1.452,71.177,7,34.0,1
0.071,0.129,0.0,0.0,0.215,0,0.0,0
5.846,20.241,17.768,0.295,44.149,10,18.0,1
2.368,3.281,0.077,0.471,6.204,1,6.0,0
0.155,0.377,0.0,0.0,0.516,2,3.0,0
3.195,1.435,0.529,0.244,5.34,2,3.0,0
1.416,4.46,7.333,0.729,13.934,3,14.0,1
7.982,31.556,34.483,1.884,75.795,3,31.0,1
3.052,6.585,6.92,0.26,16.881,4,11.0,1
6.614,22.162,8.972,1.906,39.627,5,39.0,1
1.872,1.358,0.0,0.522,3.762,1,3.0,0
1.31,1.192,0.0,0.465,2.917,1,4.0,0
0.046,0.283,0.0,0.0,0.261,0,1.0,0
3.673,34.949,27.037,0.092,65.757,7,56.0,1
0.008,0.108,0.0,0.0,0.114,1,0.0,0
0.749,0.983,0.0,0.326,2.013,2,4.0,0
0.222,0.253,0.0,0.0,0.434,0,0.0,0
0.093,0.946,0.0,0.169,1.239,2,2.0,0
6.281,8.605,10.164,0.34,25.085,8,42.0,1
6.87,12.494,19.499,1.296,40.13,8,58.0,1
0.337,0.875,0.0,0.019,1.196,2,2.0,0
5.522,10.848,12.764,2.382,31.254,7,22.0,1
6.032,21.454,8.128,2.65,38.247,11,42.0,1
1.653,6.708,8.457,0.888,17.789,3,14.0,1
2.609,12.079,7.338,2.496,24.068,9,21.0,1
1.515,1.526,0.0,0.255,3.24,2,5.0,0
0.66,1.03,0.0,0.221,1.935,1,4.0,0
3.176,2.473,0.597,0.276,6.617,1,2.0,0
0.336,1.115,0.0,0.0,1.466,2,3.0,0
2.347,1.977,0.559,0.188,5.03,2,3.0,0
0.332,0.372,0.0,0.0,0.678,2,2.0,0
1.641,1.358,0.0,0.396,3.399,1,5.0,0
6.125,11.673,11.363,1.207,30.256,12,43.0,1
3.101,31.007,17.941,2.859,55.606,8,42.0,1
0.091,0.545,0.0,0.0,0.665,2,2.0,0
4.528,7.124,35.437,0.455,47.524,2,48.0,1
2.519,1.561,0.484,0.11,4.511,1,5.0,0
0.051,1.067,0.0,0.0,1.152,2,1.0,0
1.831,1.793,0.621,0.427,4.742,2,6.0,0
0.14,0.373,0.0,0.0,0.448,2,2.0,0
6.49,12.835,17.682,2.749,39.784,6,34.0,1
6.909,23.446,11.599,1.227,43.348,12,28.0,1
0.172,0.474,0.0,0.0,0.7,2,2.0,0
0.015,0.717,0.289,0.0,1.11,1,2.0,0
4.909,8.778,6.663,0.411,20.592,11,21.0,1
0.031,0.117,0.0,0.0,0.089,0,1.0,0
9.162,11.933,17.59,0.681,39.583,8,18.0,1
0.934,8.502,3.892,0.731,14.053,3,11.0,1
1.911,3.894,0.364,0.279,6.495,2,6.0,0
0.021,0.0,0.0,0.0,0.061,1,0.0,0
1.307,1.903,0.0,0.586,3.884,1,5.0,0
7.803,10.949,8.372,0.456,27.735,3,26.0,1
0.173,0.383,0.0,0.0,0.705,1,2.0,0
1.937,4.239,0.383,0.215,6.734,3,7.0,0
2.468,2.346,0.695,0.186,5.74,2,6.0,0
0.073,0.648,0.39,0.0,1.12,1,1.0,0
2.533,5.799,4.676,0.924,13.936,4,9.0,1
4.09,19.452,9.72,0.996,33.943,6,44.0,1
7.413,30.175,24.338,2.05,63.792,8,16.0,1
0.275,0.846,0.274,0.0,1.387,1,1.0,0
6.681,27.008,10.764,1.44,45.762,5,47.0,1
5.558,13.933,13.679,0.926,34.16,7,36.0,1
2.544,1.002,0.304,0.411,4.305,3,6.0,0
0.048,0.555,0.0,0.0,0.601,1,0.0,0
9.327,23.148,21.486,2.704,56.785,4,42.0,1
2.319,9.837,11.493,0.775,24.694,6,26.0,1
1.093,3.647,6.108,0.268,11.077,6,16.0,1
1.174,2.522,0.781,0.255,4.774,1,2.0,0
2.562,3.878,4.768,0.353,11.402,5,12.0,1
0.214,0.117,0.0,0.0,0.301,0,0.0,0
6.91,11.79,20.497,0.98,40.139,7,40.0,1
7.604,6.374,10.51,1.589,26.167,10,37.0,1
0.214,0.409,0.0,0.0,0.569,1,0.0,0
0.011,0.012,0.0,0.0,0.0,1,0.0,0
4.447,8.63,21.851,2.079,36.807,10,43.0,1
0.074,0.277,0.0,0.0,0.355,0,0.0,0
9.144,34.089,25.527,1.677,70.549,8,30.0,1
5.971,15.673,15.131,1.49,38.463,6,40.0,1
2.283,1.516,0.688,0.302,4.787,3,3.0,0
1.495,5.567,34.336,1.349,42.692,4,14.0,1
5.862,17.193,17.955,2.357,43.346,4,23.0,1
2.52,1.491,0.129,0.271,4.382,2,2.0,0
6.823,24.285,10.032,3.499,44.785,10,23.0,1
2.192,13.268,13.945,0.065,29.364,3,38.0,1
0.272,0.439,0.0,0.11,0.867,2,2.0,0
9.76,33.667,29.273,2.277,74.806,7,21.0,1
5.594,9.943,17.215,2.369,35.158,8,34.0,1
2.676,11.678,22.755,0.555,37.766,6,29.0,1
2.065,9.138,5.924,2.723,19.735,6,27.0,1
4.566,24.059,24.214,1.067,54.091,4,37.0,1
4.081,14.614,19.927,2.169,40.97,7,35.0,1
5.975,13.754,30.736,1.854,52.528,6,54.0,1
2.585,5.458,7.795,0.631,16.392,6,12.0,1
0.03,0.027,0.0,0.0,0.065,1,1.0,0
7.041,20.575,19.257,0.908,47.932,12,41.0,1
6.994,9.018,8.357,1.114,25.758,4,34.0,1
0.032,0.019,0.0,0.0,0.11,1,0.0,0
2.304,4.337,0.27,0.874,7.771,1,4.0,0
0.033,0.854,0.0,0.0,0.87,2,2.0,0
9.032,21.641,18.068,2.881,51.393,8,24.0,1
2.023,31.541,24.964,1.058,59.849,6,31.0,1
3.921,7.901,37.252,1.923,51.263,4,46.0,1
4.847,6.491,16.848,1.305,29.519,9,29.0,1
5.067,16.516,30.865,2.909,55.405,5,56.0,1
0.115,0.046,0.0,0.0,0.128,0,0.0,0
5.791,30.71,10.028,1.989,48.738,4,37.0,1
0.193,1.066,0.0,0.0,1.221,1,1.0,0
3.291,2.629,0.251,1.051,7.198,3,3.0,0
7.727,14.163,10.723,1.777,34.535,7,31.0,1
1.659,7.718,6.179,0.025,15.494,4,10.0,1
2.374,10.041,6.858,1.909,21.327,5,18.0,1
0.725,0.685,0.0,0.135,1.595,1,3.0,0
1.601,2.129,0.328,0.521,4.552,2,5.0,0
4.965,10.326,9.298,3.04,27.565,12,18.0,1
2.397,5.219,7.269,0.635,15.536,4,17.0,1
5.075,26.797,10.327,0.253,42.168,8,28.0,1
4.731,7.475,18.053,2.396,32.733,9,20.0,1
1.131,6.108,6.235,0.251,13.712,5,7.0,1
0.327,0.393,0.0,0.0,0.714,1,1.0,0
0.031,0.069,0.0,0.0,0.131,1,0.0,0
1.11,1.203,0.0,0.293,2.645,2,4.0,0
0.282,1.126,0.0,0.0,1.467,1,2.0,0
4.116,2.009,0.12,0.97,7.19,3,6.0,0
2.05,4.369,0.434,0.301,7.103,2,6.0,0
1.671,1.446,0.109,0.143,3.4,3,3.0,0
0.977,1.069,0.0,0.548,2.607,1,4.0,0
3.482,2.412,0.609,0.226,6.666,3,2.0,0
1.668,1.423,0.0,0.237,3.295,1,3.0,0
2.96,20.246,13.684,0.828,37.678,6,40.0,1
0.012,0.052,0.0,0.0,0.068,1,1.0,0
3.158,3.543,6.13,0.905,13.75,6,14.0,1
6.504,8.529,11.997,2.127,29.31,9,12.0,1
0.025,0.621,0.0,0.072,0.693,2,2.0,0
0.111,0.933,0.0,0.0,1.121,2,3.0,0
1.012,8.492,6.329,0.12,16.138,3,15.0,1
8.633,10.948,27.131,0.087,47.009,6,51.0,1
6.9,23.332,14.962,0.185,45.869,5,51.0,1
4.71,24.993,31.936,2.404,64.296,4,35.0,1
3.275,4.662,8.045,0.532,17.008,3,7.0,1
2.008,4.537,8.373,0.86,15.609,5,11.0,1
0.183,0.313,0.0,0.0,0.56,2,3.0,0
0.162,0.005,0.113,0.0,0.293,0,0.0,0
0.052,0.203,0.0,0.0,0.259,0,0.0,0
0.178,0.09,0.0,0.0,0.341,1,0.0,0
0.189,0.343,0.012,0.0,0.608,1,1.0,0
2.478,0.749,0.0,0.407,3.561,1,5.0,0
1.764,2.874,0.387,0.407,5.395,3,3.0,0
2.25,15.755,19.12,0.95,38.076,5,42.0,1
0.208,1.012,0.0,0.0,1.195,2,2.0,0
4.629,11.671,22.436,1.303,40.055,2,16.0,1
0.11,0.086,0.0,0.0,0.228,0,0.0,0
0.308,0.348,0.0,0.0,0.628,2,2.0,0
6.133,8.218,21.864,0.218,36.334,7,44.0,1
2.888,29.492,17.737,0.53,50.659,6,31.0,1
6.098,31.634,24.437,0.51,62.573,4,57.0,1
0.008,0.262,0.0,0.0,0.255,0,0.0,0
9.877,17.67,26.572,0.913,54.866,8,17.0,1
0.978,1.746,0.0,0.754,3.469,2,4.0,0
0.073,0.128,0.0,0.0,0.203,1,0.0,0
1.982,0.601,0.0,0.249,2.79,1,3.0,0
6.146,21.861,21.332,2.977,51.975,7,37.0,1
1.118,4.692,0.344,0.456,6.595,2,3.0,0
1.394,1.737,0.0,0.512,3.555,1,2.0,0
3.087,15.247,36.446,1.283,56.119,3,27.0,1
0.207,0.013,0.0,0.0,0.212,0,0.0,0
0.158,0.16,0.0,0.0,0.309,0,1.0,0
3.874,4.002,11.203,0.787,20.083,2,16.0,1
2.605,6.121,4.525,0.412,13.698,3,12.0,1
1.008,1.616,0.074,1.24,3.965,3,7.0,0
0.126,0.017,0.0,0.0,0.094,1,0.0,0
3.764,18.616,16.329,1.839,40.37,7,29.0,1
0.157,0.053,0.0,0.0,0.192,0,0.0,0
1.822,2.263,0.786,0.274,5.14,1,5.0,0
5.537,29.387,16.898,0.41,52.5,4,47.0,1
3.148,2.697,0.185,0.524,6.562,1,7.0,0
4.025,18.716,9.441,1.443,33.487,5,38.0,1
9.611,15.268,11.323,1.913,38.263,4,46.0,1
0.169,0.497,0.123,0.0,0.771,1,2.0,0
1.545,1.171,0.661,0.001,3.459,2,6.0,0
0.079,0.502,0.0,0.0,0.623,1,2.0,0
2.929,2.19,0.304,0.001,5.389,3,4.0,0
4.959,5.924,20.57,0.167,31.806,5,29.0,1
2.331,0.893,0.0,0.352,3.575,1,5.0,0
0.368,1.035,0.0,0.0,1.349,1,2.0,0
6.135,31.83,33.323,2.537,73.611,6,36.0,1
2.147,2.43,0.278,0.391,5.271,2,4.0,0
1.498,0.703,0.0,0.444,2.611,1,3.0,0
0.09,0.632,0.0,0.0,0.672,2,3.0,0
3.868,24.291,31.716,0.808,60.914,3,47.0,1
0.046,0.022,0.0,0.0,0.077,0,0.0,0
5.856,33.191,23.373,1.273,63.221,5,24.0,1
0.301,0.455,0.0,0.0,0.829,2,1.0,0
0.13,0.124,0.0,0.0,0.325,1,0.0,0
0.266,0.576,0.0,0.0,0.853,1,3.0,0
0.032,0.045,0.0,0.0,0.057,1,0.0,0
0.043,0.323,0.0,0.0,0.349,0,0.0,0
3.261,16.351,21.635,0.792,41.799,5,20.0,1
0.345,0.767,0.191,0.0,1.235,1,2.0,0
0.912,1.875,0.0,0.248,2.922,1,3.0,0
7.646,11.201,26.937,1.076,46.78,4,27.0,1
1.139,2.187,0.155,0.179,3.737,3,6.0,0
6.256,22.966,9.515,1.166,39.986,6,28.0,1
2.297,2.178,0.347,0.151,4.954,2,5.0,0
3.149,8.49,7.832,0.665,20.042,3,8.0,1
0.146,0.54,0.0,0.0,0.774,0,1.0,0
0.072,0.102,0.0,0.0,0.093,0,0.0,0
3.233,5.183,8.175,0.019,16.609,4,12.0,1
1.696,4.519,0.077,0.366,6.648,1,4.0,0
9.389,28.013,33.283,2.521,73.022,7,44.0,1
5.701,24.39,14.142,3.739,47.857,8,37.0,1
4.559,6.93,35.538,0.117,46.814,7,45.0,1
0.08,0.084,0.0,0.0,0.179,0,0.0,0
2.491,7.493,15.13,0.79,25.587,6,15.0,1
4.662,8.125,6.738,3.37,22.957,7,37.0,1
3.125,3.933,0.371,1.44,8.808,2,6.0,0
2.956,3.739,0.073,0.713,7.468,1,5.0,0
0.236,1.145,0.352,0.0,1.77,1,2.0,0
7.01,10.264,20.822,0.292,38.644,6,40.0,1
1.286,7.512,5.328,0.487,14.325,6,13.0,1
0.043,0.322,0.0,0.0,0.363,0,0.0,0
3.876,3.373,0.314,0.264,7.794,2,7.0,0
0.048,0.027,0.0,0.0,0.0,1,0.0,0
4.377,14.598,10.048,0.826,29.941,8,16.0,1
7.03,11.1,33.511,0.038,51.967,7,51.0,1
0.063,0.055,0.0,0.185,0.321,0,0.0,0
0.013,0.174,0.0,0.0,0.24,1,0.0,0
4.649,17.569,17.273,1.021,40.465,5,23.0,1
4.993,18.144,23.818,2.916,49.643,3,16.0,1
1.908,0.992,0.0,0.111,3.029,1,5.0,0
3.553,10.567,13.059,1.841,28.816,2,23.0,1
2.916,14.974,16.328,1.222,35.332,10,26.0,1
2.989,4.923,0.309,1.059,9.358,1,6.0,0
2.838,8.917,3.408,0.224,15.233,5,11.0,1
2.55,22.303,34.691,2.285,61.738,3,24.0,1
6.906,20.594,10.471,3.631,41.813,6,20.0,1
6.506,27.867,34.912,2.388,71.709,4,42.0,1
1.002,1.852,0.398,0.86,4.16,2,3.0,0
3.677,4.779,0.075,1.405,10.093,3,7.0,0
0.095,0.269,0.0,0.0,0.361,1,0.0,0
8.005,30.687,34.89,2.128,75.721,4,58.0,1
4.156,5.068,20.024,1.675,30.922,4,14.0,1
2.26,7.473,7.535,0.965,18.148,6,10.0,1
4.761,7.761,29.709,1.184,43.59,6,49.0,1
5.214,23.187,6.605,3.192,38.145,6,39.0,1
2.458,2.902,0.307,0.477,6.117,2,6.0,0
2.85,4.666,0.012,1.183,8.747,3,4.0,0
2.583,23.062,30.183,2.196,57.916,5,51.0,1
9.747,12.939,9.927,0.922,33.5,4,26.0,1
0.04,0.092,0.0,0.0,0.115,1,0.0,0
3.433,2.748,0.402,0.856,7.408,1,7.0,0
0.161,0.421,0.0,0.0,0.571,0,1.0,0
4.362,18.19,5.176,1.525,29.372,12,28.0,1
1.985,2.593,0.141,0.598,5.449,2,7.0,0
1.708,4.788,4.817,0.37,11.584,4,15.0,1
3.912,3.403,0.421,0.679,8.339,2,7.0,0
2.457,20.463,26.877,1.643,51.311,7,52.0,1
2.684,7.935,18.407,1.117,30.233,3,45.0,1
0.083,1.088,0.0,0.0,1.191,2,1.0,0
0.058,0.095,0.0,0.0,0.18,1,0.0,0
0.464,0.193,0.0,0.0,0.7,1,0.0,0
4.64,16.503,30.462,1.079,52.418,7,21.0,1
3.206,7.105,7.065,0.823,18.359,4,15.0,1
3.776,8.27,21.837,1.274,34.841,7,36.0,1
9.027,21.644,27.612,0.64,58.926,7,21.0,1
3.117,5.9,4.867,0.826,14.447,4,15.0,1
2.01,1.927,0.077,0.285,4.268,1,5.0,0
8.207,11.535,18.023,0.076,37.953,4,17.0,1
0.315,0.369,0.0,0.0,0.676,1,2.0,0
3.963,4.793,0.338,0.57,9.653,2,7.0,0
4.754,23.922,17.409,2.7,48.735,4,34.0,1
4.016,17.449,26.578,1.015,48.858,5,39.0,1
5.838,28.613,13.271,2.565,50.412,8,28.0,1
0.151,0.009,0.0,0.0,0.13,0,0.0,0
3.529,19.704,20.866,3.226,47.529,7,32.0,1
0.276,0.466,0.0,0.0,0.701,1,1.0,0
1.779,6.281,10.923,1.578,20.465,7,45.0,1
3.684,2.2,0.038,0.758,6.605,3,6.0,0
7.935,10.142,20.304,1.879,40.455,6,32.0,1
0.036,0.449,0.0,0.0,0.539,0,1.0,0
0.015,0.144,0.0,0.0,0.173,0,0.0,0
6.136,31.785,18.169,0.32,56.356,6,33.0,1
0.591,1.567,0.0,0.776,2.953,1,3.0,0
0.099,0.149,0.0,0.0,0.23,0,1.0,0
0.154,0.678,0.278,0.0,1.089,2,2.0,0
1.406,7.167,4.722,0.495,13.835,3,8.0,1
0.003,0.136,0.0,0.0,0.125,0,1.0,0
3.726,10.622,10.982,0.709,25.821,5,34.0,1
0.173,0.117,0.0,0.0,0.265,1,0.0,0
0.009,0.685,0.334,0.0,1.039,1,1.0,0
0.413,0.008,0.0,0.0,0.415,0,1.0,0
2.87,2.403,0.528,0.207,6.014,2,6.0,0
3.233,4.619,6.334,0.435,14.562,3,16.0,1
1.774,7.157,13.996,0.788,23.269,2,44.0,1
0.4,1.166,0.304,0.0,1.844,1,3.0,0
9.447,25.051,24.924,2.613,61.874,7,49.0,1
6.686,14.799,16.069,2.632,40.345,3,46.0,1
6.749,19.62,5.719,1.829,33.985,4,16.0,1
7.748,30.097,17.223,0.081,55.317,3,21.0,1
0.157,0.257,0.187,0.0,0.558,2,1.0,0
5.201,11.834,25.619,2.108,44.757,6,56.0,1
0.052,1.162,0.228,0.0,1.416,2,3.0,0
5.322,26.466,11.628,0.632,44.245,6,27.0,1
6.93,11.397,10.596,3.231,32.061,4,43.0,1
2.371,5.827,8.442,0.434,16.749,6,9.0,1
2.449,21.232,8.395,1.148,33.289,7,33.0,1
0.167,0.025,0.0,0.0,0.15,1,0.0,0
2.634,2.965,0.313,0.455,6.356,1,4.0,0
1.772,1.911,0.297,0.133,4.187,1,2.0,0
3.681,29.278,27.757,0.863,61.447,4,19.0,1
2.664,27.239,11.214,0.13,40.974,3,37.0,1
4.553,13.037,11.503,0.071,29.435,3,25.0,1
0.199,0.298,0.0,0.0,0.477,1,2.0,0
1.587,0.657,0.0,0.789,2.968,1,2.0,0
0.047,0.384,0.0,0.133,0.548,2,2.0,0
0.294,0.524,0.0,0.0,0.783,1,1.0,0
1.409,2.144,0.351,0.346,4.183,3,5.0,0
7.749,21.752,8.764,1.381,39.675,6,27.0,1
4.159,13.784,19.534,1.838,39.269,4,37.0,1
1.364,2.16,0.305,1.49,5.382,2,3.0,0
3.067,8.056,26.044,0.075,37.277,3,43.0,1
0.027,0.181,0.0,0.0,0.223,0,0.0,0
0.115,0.337,0.334,0.0,0.86,2,2.0,0
5.081,28.616,25.776,0.032,59.389,6,57.0,1
2.817,2.916,0.388,0.473,6.607,1,2.0,0
3.087,9.956,16.137,3.333,32.43,12,28.0,1
0.635,0.774,0.269,0.777,2.506,1,5.0,0
0.205,1.079,0.0,0.129,1.39,1,2.0,0
2.152,28.326,24.428,1.038,55.816,7,20.0,1
2.956,3.93,4.524,0.714,12.334,4,15.0,1
3.801,2.297,0.198,0.553,6.879,2,7.0,0
2.784,6.152,3.697,0.526,12.914,6,7.0,1
4.252,14.166,13.845,1.419,33.558,7,37.0,1
4.929,14.758,12.876,2.892,35.433,7,32.0,1
3.118,24.237,16.777,1.336,45.402,7,33.0,1
0.118,0.105,0.0,0.032,0.193,0,0.0,0
0.038,0.625,0.0,0.0,0.663,0,1.0,0
0.095,0.03,0.051,0.0,0.235,1,1.0,0
9.554,33.459,26.944,2.148,72.114,3,39.0,1
7.527,31.09,11.319,0.58,50.563,7,45.0,1
1.644,3.279,0.084,0.531,5.49,2,3.0,0
3.544,7.851,32.13,1.158,44.432,6,16.0,1
0.041,0.19,0.192,0.0,0.499,0,0.0,0
2.018,5.515,6.816,0.3,14.536,6,8.0,1
3.362,8.944,4.077,0.422,17.017,6,11.0,1
3.51,1.612,0.275,0.331,5.671,2,6.0,0
2.045,1.008,0.0,0.338,3.403,2,5.0,0
2.374,1.498,0.281,0.323,4.513,2,3.0,0
3.077,4.544,0.208,0.771,8.573,1,6.0,0
6.93,13.502,7.941,2.289,30.848,8,15.0,1
3.8,2.143,0.189,1.374,7.462,1,3.0,0
2.219,8.829,6.731,0.204,18.0,4,10.0,1
0.167,0.673,0.0,0.0,0.823,1,3.0,0
0.006,0.174,0.0,0.0,0.154,1,0.0,0
6.115,30.32,14.693,0.874,51.725,3,27.0,1
3.109,29.597,34.248,1.421,68.101,7,30.0,1
0.153,0.214,0.0,0.0,0.337,0,0.0,0
2.363,7.889,15.848,1.604,27.527,2,41.0,1
6.175,7.328,12.907,1.543,27.989,4,18.0,1
2.72,14.39,21.372,0.464,38.984,3,40.0,1
2.764,6.918,8.15,0.49,18.248,3,13.0,1
8.896,14.088,26.829,1.545,51.542,5,52.0,1
1.781,4.005,0.476,0.57,6.77,2,7.0,0
3.726,4.083,0.209,1.011,8.956,3,7.0,0
0.201,0.37,0.0,0.0,0.598,1,3.0,0
2.141,27.422,13.271,2.414,45.613,6,18.0,1
3.596,11.011,8.26,3.824,26.509,9,35.0,1
0.35,1.147,0.0,0.0,1.528,2,2.0,0
2.491,26.255,14.441,1.667,44.766,3,35.0,1
0.116,0.022,0.0,0.0,0.104,0,0.0,0
0.135,0.413,0.0,0.0,0.538,1,0.0,0
0.398,0.562,0.0,0.0,0.88,1,3.0,0
1.534,1.973,0.49,0.744,4.734,1,3.0,0
4.803,18.953,15.596,1.717,41.136,11,32.0,1
0.018,0.002,0.0,0.0,0.036,1,0.0,0
3.724,17.163,37.83,0.219,59.288,5,49.0,1
2.537,12.456,29.258,0.695,44.813,2,37.0,1
2.528,5.85,3.46,0.499,12.256,6,17.0,1
9.883,11.962,19.679,2.194,44.045,5,44.0,1
0.152,0.775,0.0,0.0,0.865,2,2.0,0
0.029,0.123,0.0,0.0,0.17,1,0.0,0
9.775,17.109,29.629,1.112,57.648,4,29.0,1
0.164,0.976,0.0,0.0,1.161,2,1.0,0
0.021,0.546,0.0,0.0,0.612,1,1.0,0
0.211,0.493,0.0,0.0,0.588,1,3.0,0
7.565,30.104,8.186,0.204,46.043,5,58.0,1
6.324,20.503,30.826,2.109,59.696,7,21.0,1
9.707,25.46,10.248,1.411,46.881,8,21.0,1
3.881,4.12,0.305,0.518,8.821,2,6.0,0
3.786,18.075,23.481,1.414,47.102,5,22.0,1
3.061,15.991,24.707,1.365,45.381,6,49.0,1
2.043,1.676,0.0,0.362,4.06,1,4.0,0
1.366,2.663,0.173,0.068,4.332,2,4.0,0
3.627,14.865,12.682,0.655,31.844,6,37.0,1
3.401,1.973,0.182,0.674,6.182,1,5.0,0
7.811,30.672,27.243,1.907,67.606,3,28.0,1
0.082,0.24,0.0,0.0,0.294,0,2.0,0
2.957,1.686,0.438,0.022,5.084,3,2.0,0
3.316,1.869,0.791,0.183,6.2,1,5.0,0
3.981,8.384,23.599,0.546,36.628,5,36.0,1
2.099,30.971,21.761,2.673,57.645,7,58.0,1
2.731,23.505,10.967,0.45,37.724,8,38.0,1
2.04,3.586,0.456,0.268,6.373,3,6.0,0
6.923,30.213,13.187,2.055,52.455,5,59.0,1
4.44,10.191,16.034,1.082,31.919,8,24.0,1
2.509,1.823,0.183,1.004,5.621,3,4.0,0
0.168,0.491,0.0,0.0,0.621,1,0.0,0
0.015,0.006,0.0,0.0,0.058,0,1.0,0
3.14,13.16,28.631,2.138,47.286,8,59.0,1
1.075,1.801,0.0,0.228,3.048,2,2.0,0
0.002,0.035,0.0,0.0,0.045,0,2.0,0
0.22,1.171,0.318,0.0,1.723,1,3.0,0
1.985,2.221,0.479,0.706,5.467,3,3.0,0
0.203,0.449,0.0,0.0,0.686,2,2.0,0
2.761,8.144,5.685,0.864,17.082,6,14.0,1
0.287,0.398,0.0,0.0,0.726,2,1.0,0
2.395,1.232,0.13,0.365,4.073,2,3.0,0
2.314,1.405,0.344,0.351,4.435,2,4.0,0
8.701,11.749,13.753,1.501,35.707,5,53.0,1
2.675,1.906,0.664,0.284,5.517,1,4.0,0
4.088,9.027,39.679,1.072,54.215,4,21.0,1
1.532,17.703,19.698,1.984,41.384,4,40.0,1
4.971,16.951,23.906,1.08,46.948,8,41.0,1
0.058,0.222,0.0,0.156,0.467,1,1.0,0
0.05,0.977,0.0,0.0,1.067,2,2.0,0
2.897,7.493,16.1,3.579,30.264,10,39.0,1
1.474,4.946,0.433,1.133,7.973,3,4.0,0
4.296,19.552,21.06,2.871,47.929,11,12.0,1
3.156,14.239,10.629,1.633,29.309,5,18.0,1
0.057,0.947,0.0,0.064,1.039,1,3.0,0
0.242,0.853,0.379,0.0,1.397,2,1.0,0
9.578,12.563,22.432,2.078,46.615,4,41.0,1
0.126,0.015,0.0,0.0,0.216,0,1.0,0
7.68,16.813,29.691,2.42,56.659,5,49.0,1
3.931,11.209,19.067,3.209,37.464,7,39.0,1
0.389,0.741,0.0,0.0,1.136,1,3.0,0
5.971,13.988,20.277,2.788,42.738,7,43.0,1
0.188,0.605,0.286,0.0,1.106,1,3.0,0
1.226,5.341,6.545,0.71,14.17,3,11.0,1
0.08,0.043,0.0,0.0,0.203,0,0.0,0
0.802,1.477,0.0,0.416,2.633,2,5.0,0
1.043,1.612,0.0,0.649,3.372,2,3.0,0
2.264,1.318,0.0,0.511,4.082,1,2.0,0
2.59,20.101,18.445,2.507,43.552,3,45.0,1
5.756,27.037,32.117,1.359,65.938,4,59.0,1
1.707,4.315,7.365,0.108,13.505,3,7.0,1
4.185,20.229,11.829,1.107,37.571,4,15.0,1
0.231,0.027,0.0,0.0,0.192,0,0.0,0
0.368,0.413,0.0,0.0,0.826,1,2.0,0
3.05,4.317,0.336,1.168,8.917,1,7.0,0
0.013,0.961,0.0,0.0,1.048,1,2.0,0
9.785,9.562,11.939,2.06,33.586,3,16.0,1
0.089,0.825,0.0,0.0,0.818,2,2.0,0
1.111,2.514,0.2,0.188,3.999,1,6.0,0
0.005,0.487,0.0,0.0,0.522,0,0.0,0
0.113,0.084,0.0,0.0,0.286,1,2.0,0
1.979,17.067,36.598,1.054,56.653,2,35.0,1
0.252,0.343,0.0,0.0,0.52,1,2.0,0
0.22,0.151,0.0,0.0,0.374,1,2.0,0
4.867,34.682,29.675,1.054,70.305,4,53.0,1
2.367,8.107,5.081,0.358,16.071,4,7.0,1
2.47,16.467,17.809,0.513,37.372,9,20.0,1
9.54,20.613,10.039,1.6,41.724,7,19.0,1
0.345,0.335,0.0,0.0,0.655,2,3.0,0
2.134,5.854,6.636,0.581,15.505,4,13.0,1
8.375,16.418,29.252,1.032,55.235,6,33.0,1
0.357,0.37,0.0,0.0,0.694,1,3.0,0
1.87,5.296,4.619,0.333,12.047,4,11.0,1
0.024,0.146,0.0,0.0,0.242,0,0.0,0
0.065,0.048,0.0,0.0,0.147,1,0.0,0
3.409,19.099,12.894,1.063,36.408,4,55.0,1
0.353,0.55,0.0,0.0,0.961,1,1.0,0
2.084,3.843,0.035,0.488,6.592,3,6.0,0
0.096,0.055,0.0,0.0,0.14,1,1.0,0
3.207,1.105,0.597,0.388,5.3,1,6.0,0
3.747,26.143,18.264,1.992,49.877,7,27.0,1
3.121,4.334,0.364,0.37,8.146,1,6.0,0
6.964,28.119,12.27,1.355,48.749,3,26.0,1
1.174,4.686,13.708,1.935,21.668,6,18.0,1
1.091,2.911,0.601,0.427,4.946,3,4.0,0
6.925,21.995,17.342,3.934,50.239,4,23.0,1
1.422,4.122,0.347,0.295,6.157,2,6.0,0
0.288,0.774,0.0,0.0,0.983,1,2.0,0
0.83,0.867,0.0,0.438,2.167,1,5.0,0
5.724,12.616,19.646,1.831,39.752,8,18.0,1
3.556,2.819,0.055,0.351,6.85,3,3.0,0
0.241,0.671,0.0,0.0,0.853,1,1.0,0
0.127,0.011,0.0,0.0,0.11,1,0.0,0
4.817,6.094,18.754,0.761,30.314,3,29.0,1
0.064,0.552,0.0,0.0,0.546,2,2.0,0
3.022,16.07,36.022,1.216,56.318,6,37.0,1
0.063,0.051,0.0,0.0,0.057,1,0.0,0
7.1,17.119,18.461,0.252,42.826,8,33.0,1
2.998,10.918,26.551,1.618,41.804,5,57.0,1
1.817,1.04,0.642,0.029,3.491,3,6.0,0
3.072,4.366,3.067,0.668,11.313,5,17.0,1
0.03,0.11,0.0,0.0,0.108,0,0.0,0
3.05,2.097,0.535,0.465,6.135,2,2.0,0
1.987,1.656,0.467,0.427,4.678,1,3.0,0
2.359,1.571,0.334,0.416,4.719,1,5.0,0
6.188,23.969,18.313,1.518,49.971,9,22.0,1
0.123,0.072,0.0,0.06,0.253,0,1.0,0
0.263,0.49,0.0,0.0,0.736,1,2.0,0
4.754,13.773,18.381,2.213,39.205,8,20.0,1
4.744,21.82,19.01,1.598,47.424,6,15.0,1
0.135,0.515,0.0,0.0,0.675,1,3.0,0
1.844,1.74,0.18,0.095,3.793,2,5.0,0
0.877,6.054,5.084,0.825,12.971,6,13.0,1
1.655,2.293,0.346,1.424,5.694,2,4.0,0
0.247,0.06,0.0,0.0,0.22,1,1.0,0
2.151,15.164,14.119,1.203,32.466,7,30.0,1
0.075,0.422,0.0,0.0,0.507,1,0.0,0
3.791,23.163,8.686,2.616,38.19,6,14.0,1
0.13,0.121,0.0,0.0,0.359,1,0.0,0
2.974,12.676,31.464,0.533,47.291,6,48.0,1
0.255,0.161,0.0,0.0,0.322,1,1.0,0
0.069,0.335,0.0,0.0,0.441,1,0.0,0
0.281,0.079,0.0,0.0,0.344,0,0.0,0
0.391,0.821,0.279,0.0,1.513,2,2.0,0
1.875,2.14,0.006,1.466,5.44,2,5.0,0
1.864,3.935,0.111,0.622,6.513,2,4.0,0
0.247,0.679,0.191,0.0,1.209,1,2.0,0
1.069,1.924,0.0,0.294,3.266,2,4.0,0
7.018,14.935,21.592,2.583,45.872,4,19.0,1
0.053,0.019,0.0,0.0,0.025,0,0.0,0
0.361,1.083,0.0,0.0,1.411,1,1.0,0
7.723,12.737,23.633,0.227,44.346,4,50.0,1
0.15,0.767,0.0,0.0,0.888,2,2.0,0
5.774,10.355,18.174,2.469,36.543,8,43.0,1
2.739,10.544,36.469,0.894,50.479,7,30.0,1
7.554,24.831,16.268,2.011,50.623,11,32.0,1
3.878,3.638,0.201,1.499,9.179,2,3.0,0
0.117,0.023,0.0,0.0,0.194,1,2.0,0
1.432,2.077,0.139,1.231,4.903,2,4.0,0
0.395,1.128,0.0,0.0,1.503,2,3.0,0
9.382,31.873,29.981,1.083,72.068,6,30.0,1
0.058,0.448,0.0,0.0,0.47,2,2.0,0
4.836,16.998,39.736,1.059,62.903,4,21.0,1
0.269,0.302,0.0,0.0,0.554,1,0.0,0
2.688,4.225,7.19,0.5,14.518,5,13.0,1
3.604,11.287,24.711,1.724,41.469,2,29.0,1
2.534,15.433,8.63,2.548,29.059,11,20.0,1
1.48,1.583,0.0,0.191,3.271,1,5.0,0
0.994,7.204,4.958,0.489,13.697,3,9.0,1
0.127,0.308,0.0,0.0,0.402,1,1.0,0
0.187,0.012,0.0,0.0,0.135,1,2.0,0
1.24,2.197,0.413,0.47,4.31,1,3.0,0
0.009,0.098,0.0,0.0,0.09,1,1.0,0
0.188,0.12,0.0,0.0,0.318,0,1.0,0
0.4,0.295,0.0,0.0,0.619,2,1.0,0
3.637,21.786,19.466,2.479,47.027,10,16.0,1
0.318,0.811,0.132,0.022,1.273,1,3.0,0
0.348,0.618,0.325,0.0,1.288,1,3.0,0
2.273,24.454,5.615,3.041,35.488,10,17.0,1
1.026,6.976,5.728,0.942,14.836,3,14.0,1
2.009,6.329,8.063,0.024,16.273,3,12.0,1
0.054,0.15,0.0,0.0,0.166,0,0.0,0
2.166,1.399,0.0,0.677,4.289,1,2.0,0
3.678,3.718,0.052,1.029,8.506,3,5.0,0
0.08,0.693,0.311,0.0,1.115,2,3.0,0
1.583,1.8,0.0,0.299,3.62,2,2.0,0
8.577,10.316,31.562,1.741,52.256,4,58.0,1
3.336,10.685,16.052,2.111,32.454,10,17.0,1
3.73,23.077,12.3,2.073,41.525,6,21.0,1
1.345,5.269,6.108,0.456,12.641,3,7.0,1
0.045,0.049,0.0,0.0,0.093,1,0.0,0
9.732,17.816,25.335,2.775,55.439,5,25.0,1
2.801,1.681,0.633,0.08,5.217,2,4.0,0
0.083,0.091,0.0,0.112,0.314,0,2.0,0
2.761,6.625,4.758,0.195,14.672,6,11.0,1
6.616,18.057,24.134,2.572,51.375,5,42.0,1
9.609,33.763,22.552,0.222,66.146,8,48.0,1
0.099,0.233,0.0,0.0,0.228,1,0.0,0
1.974,7.729,8.247,0.646,18.368,6,17.0,1
2.268,3.301,0.386,1.022,6.934,2,4.0,0
0.15,0.89,0.0,0.0,1.026,2,2.0,0
5.871,15.857,24.16,2.248,48.236,7,17.0,1
3.109,4.527,0.366,1.148,9.164,2,3.0,0
1.798,13.113,38.767,1.824,55.373,7,29.0,1
1.794,1.216,0.0,0.552,3.476,1,4.0,0
0.027,0.084,0.0,0.005,0.107,1,2.0,0
0.007,0.09,0.0,0.0,0.106,0,0.0,0
2.225,1.327,0.0,0.511,4.104,1,4.0,0
0.017,0.09,0.0,0.0,0.061,0,0.0,0
0.259,0.682,0.0,0.0,0.925,1,2.0,0
5.773,24.953,23.019,1.946,55.59,7,59.0,1
2.674,2.678,0.517,0.334,6.157,2,2.0,0
1.729,2.453,0.323,1.305,5.847,3,3.0,0
0.298,0.31,0.0,0.0,0.632,2,1.0,0
0.075,0.003,0.0,0.0,0.093,0,1.0,0
0.337,1.006,0.0,0.0,1.309,2,2.0,0
1.343,4.867,4.786,0.514,11.222,6,10.0,1
1.193,1.878,0.0,0.254,3.347,2,2.0,0
0.022,0.005,0.0,0.0,0.098,1,0.0,0
0.903,4.874,6.398,0.952,12.739,3,7.0,1
0.139,0.02,0.0,0.0,0.219,0,1.0,0
2.023,25.19,29.839,2.913,60.076,5,16.0,1
0.039,0.701,0.0,0.0,0.778,2,3.0,0
0.381,0.481,0.0,0.0,0.835,1,1.0,0
0.127,0.946,0.0,0.0,1.041,1,2.0,0
0.168,0.984,0.0,0.0,1.146,2,3.0,0
2.277,1.678,0.778,0.475,5.197,1,6.0,0
2.169,19.823,18.557,0.547,41.58,11,41.0,1
3.666,33.899,31.318,2.208,70.986,8,30.0,1
0.083,0.113,0.0,0.0,0.21,1,0.0,0
1.825,1.143,0.0,0.309,3.365,2,4.0,0
9.966,34.13,20.359,2.666,67.243,6,31.0,1
2.341,0.829,0.0,0.675,3.875,2,2.0,0
0.108,0.054,0.0,0.0,0.111,0,0.0,0
1.648,4.13,21.106,1.101,27.936,3,36.0,1
0.01,0.245,0.0,0.0,0.25,0,1.0,0
9.382,18.167,22.542,1.986,52.226,6,44.0,1
0.22,1.151,0.0,0.126,1.513,2,3.0,0
0.8,1.307,0.0,0.563,2.771,2,4.0,0
4.138,30.559,19.392,0.605,54.712,8,27.0,1
0.145,0.436,0.0,0.0,0.543,2,1.0,0
0.007,0.5,0.0,0.0,0.48,2,3.0,0
0.043,0.032,0.0,0.0,0.115,0,0.0,0
2.041,0.779,0.0,0.117,2.876,1,4.0,0
1.696,4.205,7.701,0.251,14.019,6,9.0,1
0.134,0.123,0.0,0.103,0.322,0,1.0,0
2.726,8.137,7.355,0.043,18.101,4,14.0,1
0.015,0.301,0.0,0.0,0.288,1,0.0,0
6.413,21.633,10.881,1.163,39.613,8,59.0,1
2.856,3.482,0.042,0.973,7.297,3,6.0,0
0.352,0.747,0.0,0.0,1.018,1,1.0,0
2.366,1.063,0.0,0.111,3.61,2,4.0,0
0.078,0.241,0.0,0.0,0.317,0,0.0,0
2.439,5.372,4.894,0.468,13.174,6,15.0,1
0.154,1.069,0.0,0.0,1.208,2,3.0,0
2.258,1.356,0.321,0.003,3.864,1,4.0,0
0.282,0.32,0.0,0.0,0.645,1,1.0,0
2.67,14.26,16.628,1.287,34.591,3,41.0,1
0.112,0.257,0.0,0.0,0.507,1,1.0,0
0.182,0.77,0.0,0.0,0.93,1,1.0,0
2.293,12.481,9.452,3.734,27.583,8,44.0,1
0.085,0.046,0.0,0.0,0.169,0,0.0,0
3.037,4.292,8.387,0.035,15.87,3,17.0,1
1.316,1.604,0.263,0.29,3.526,2,2.0,0
7.595,25.772,23.775,0.82,57.851,7,21.0,1
2.791,7.34,4.723,0.151,14.838,3,15.0,1
1.293,1.436,0.0,0.149,2.822,2,4.0,0
4.455,13.982,8.487,0.851,27.903,11,14.0,1
3.502,22.87,6.742,2.533,35.775,5,28.0,1
2.814,2.507,0.549,0.334,6.228,2,6.0,0
0.355,0.558,0.0,0.213,1.084,1,3.0,0
1.671,3.755,0.1,0.339,5.98,1,3.0,0
2.884,12.263,25.826,2.137,43.183,5,27.0,1
0.956,1.256,0.0,0.688,2.856,1,2.0,0
2.716,1.572,0.296,0.191,4.784,2,6.0,0
3.402,8.605,7.457,0.985,20.385,5,8.0,1
1.912,5.098,8.302,0.498,15.756,6,11.0,1
0.112,0.096,0.0,0.0,0.209,1,1.0,0
0.055,0.202,0.0,0.0,0.258,1,0.0,0
0.869,8.062,6.504,0.223,15.431,3,13.0,1
0.003,0.214,0.0,0.0,0.214,1,1.0,0
1.419,6.827,3.119,0.122,11.322,5,8.0,1
5.416,16.008,14.016,0.745,35.988,8,24.0,1
2.234,7.866,6.031,0.035,16.019,6,9.0,1
6.391,33.907,31.794,2.55,74.432,5,26.0,1
0.379,0.213,0.291,0.0,0.896,2,1.0,0
1.523,1.55,0.322,0.414,3.902,3,3.0,0
2.209,2.229,0.574,0.095,5.064,3,5.0,0
4.219,30.903,32.781,0.352,68.046,6,33.0,1
6.576,15.315,17.108,0.928,39.835,6,31.0,1
3.563,14.196,16.498,1.993,35.963,5,22.0,1
7.278,16.987,9.697,1.346,35.326,4,41.0,1
6.087,15.509,31.397,2.907,55.767,5,25.0,1
0.035,0.005,0.0,0.0,0.04,0,1.0,0
0.035,0.01,0.0,0.0,0.054,0,1.0,0
9.234,21.57,32.671,0.522,63.748,4,24.0,1
6.601,29.571,14.73,0.292,50.918,8,31.0,1
8.962,18.823,29.704,2.994,60.569,7,24.0,1
7.555,30.45,34.365,2.234,74.459,7,34.0,1
7.56,12.917,7.754,1.761,30.153,4,36.0,1
7.597,25.586,13.287,2.55,48.685,5,16.0,1
3.801,8.425,23.535,1.378,37.173,6,30.0,1
2.462,5.353,8.389,0.321,16.57,4,11.0,1
4.851,26.194,9.897,2.85,43.671,7,53.0,1
2.05,1.743,0.0,0.139,3.971,1,4.0,0
1.694,1.238,0.0,0.314,3.252,1,5.0,0
1.185,0.888,0.0,0.265,2.333,2,5.0,0
2.696,11.518,34.779,2.688,51.72,4,55.0,1
5.694,17.531,14.94,2.319,40.52,9,17.0,1
3.406,16.691,38.72,1.954,60.738,3,47.0,1
2.244,4.159,3.754,0.515,10.608,4,16.0,1
1.036,0.574,0.0,0.151,1.68,1,4.0,0
7.628,17.657,21.57,3.916,50.528,12,30.0,1
3.938,18.561,15.525,1.021,38.911,7,48.0,1
4.301,27.857,25.025,0.189,57.592,7,40.0,1
4.209,8.232,11.262,1.067,24.457,5,16.0,1
2.524,18.27,13.583,1.345,35.802,7,34.0,1
2.088,1.265,0.234,0.428,3.952,2,5.0,0
0.388,0.443,0.0,0.0,0.836,1,3.0,0
0.238,0.167,0.0,0.0,0.408,1,0.0,0
0.035,0.111,0.0,0.0,0.104,1,0.0,0
1.235,0.925,0.0,0.662,2.731,2,2.0,0
6.268,18.45,9.847,3.888,38.51,4,33.0,1
0.311,1.186,0.0,0.0,1.515,2,1.0,0
0.022,0.055,0.0,0.0,0.054,0,1.0,0
0.111,0.344,0.0,0.0,0.447,2,2.0,0
1.646,2.424,0.434,0.168,4.688,1,5.0,0
0.144,0.056,0.0,0.0,0.188,1,0.0,0
5.649,10.648,13.027,3.775,33.219,7,18.0,1
0.07,0.1,0.0,0.0,0.151,1,0.0,0
0.07,0.586,0.0,0.0,0.65,2,2.0,0
0.103,0.354,0.0,0.0,0.375,0,1.0,0
0.108,0.032,0.0,0.0,0.14,0,0.0,0
3.247,8.972,7.022,0.847,20.253,3,12.0,1
2.534,5.686,29.169,1.649,39.264,2,33.0,1
4.131,21.743,10.469,3.622,40.04,12,29.0,1
3.728,8.769,5.343,0.609,18.564,7,44.0,1
3.454,28.664,21.469,1.654,55.27,4,44.0,1
1.621,16.911,24.541,0.778,43.78,6,24.0,1
3.602,20.457,18.846,2.967,45.777,9,25.0,1
0.109,0.245,0.0,0.0,0.361,2,1.0,0
4.543,16.93,9.874,1.63,32.847,3,25.0,1
3.723,16.073,13.213,0.169,33.023,7,36.0,1
0.19,0.67,0.0,0.0,0.851,2,1.0,0
1.224,1.487,0.0,0.247,2.938,1,5.0,0
2.799,31.741,16.384,1.002,51.855,7,45.0,1
0.357,1.007,0.0,0.0,1.336,1,2.0,0
0.135,0.062,0.0,0.0,0.24,1,0.0,0
0.053,0.165,0.0,0.0,0.224,1,1.0,0
8.996,17.899,23.834,2.073,52.763,6,29.0,1
1.883,1.587,0.118,1.086,4.681,1,6.0,0
0.323,1.113,0.0,0.0,1.412,1,1.0,0
3.738,10.804,14.686,1.87,31.148,8,33.0,1
0.135,0.446,0.0,0.0,0.628,1,1.0,0
0.028,1.179,0.0,0.0,1.13,2,3.0,0
1.078,6.163,7.166,0.205,14.307,6,10.0,1
0.118,0.104,0.0,0.0,0.295,0,1.0,0
1.626,8.407,7.859,0.222,18.09,3,15.0,1
1.078,2.663,0.342,0.079,4.165,1,4.0,0
0.017,0.077,0.0,0.0,0.009,0,1.0,0
0.255,0.994,0.0,0.156,1.355,2,1.0,0
1.569,0.984,0.0,0.725,3.246,2,5.0,0
4.15,2.259,0.362,0.834,7.708,1,3.0,0
2.276,0.729,0.0,0.218,3.347,1,2.0,0
2.297,1.819,0.745,0.455,5.363,3,6.0,0
0.023,0.153,0.0,0.145,0.195,0,0.0,0
0.108,0.678,0.0,0.0,0.773,1,3.0,0
9.974,31.309,14.658,1.789,57.551,5,31.0,1
3.797,16.589,11.8,2.59,34.791,12,25.0,1
1.654,1.497,0.703,0.022,3.897,3,2.0,0
0.301,0.337,0.0,0.0,0.715,1,0.0,0
0.046,0.007,0.0,0.0,0.072,0,0.0,0
7.846,29.665,14.819,0.803,53.165,7,37.0,1
0.155,0.176,0.0,0.0,0.359,1,1.0,0
0.391,1.004,0.0,0.0,1.359,1,2.0,0
0.254,0.681,0.0,0.0,0.914,0,0.0,0
3.053,22.016,14.237,3.266,42.368,11,28.0,1
5.783,18.973,20.183,2.036,46.98,8,21.0,1
0.146,0.088,0.0,0.0,0.245,1,0.0,0
2.579,20.259,8.437,0.326,31.348,6,36.0,1
6.209,27.356,26.361,2.86,62.875,3,28.0,1
9.556,24.055,16.921,0.66,51.066,4,28.0,1
2.105,9.693,25.003,1.724,38.704,7,25.0,1
0.02,0.789,0.0,0.0,0.726,1,2.0,0
0.374,0.743,0.0,0.259,1.393,2,3.0,0
2.873,10.112,10.81,0.58,24.4,5,49.0,1
0.099,0.303,0.136,0.0,0.461,0,0.0,0
4.339,10.826,39.981,0.503,55.337,4,19.0,1
7.069,19.479,17.442,0.826,44.661,5,34.0,1
0.971,0.89,0.0,0.454,2.386,2,4.0,0
1.057,5.089,39.877,0.19,46.207,4,23.0,1
5.887,8.174,9.431,2.303,25.933,5,34.0,1
3.415,7.39,5.796,0.203,17.059,5,9.0,1
0.007,0.135,0.0,0.0,0.072,0,2.0,0
0.973,1.159,0.0,0.461,2.599,1,5.0,0
3.605,2.457,0.096,1.442,7.582,3,3.0,0
1.457,1.755,0.0,0.399,3.582,2,4.0,0
3.289,20.016,19.182,1.659,43.968,11,17.0,1
0.036,0.176,0.0,0.0,0.217,0,1.0,0
1.442,1.538,0.0,0.754,3.675,1,3.0,0
4.337,1.677,0.07,0.291,6.389,1,6.0,0
1.049,6.891,3.27,0.282,11.492,6,10.0,1
2.925,7.492,7.995,0.842,19.335,6,8.0,1
4.229,8.893,15.806,2.443,31.473,5,14.0,1
0.371,1.117,0.0,0.0,1.473,2,3.0,0
0.91,1.46,0.121,0.765,3.288,1,3.0,0
0.009,0.116,0.0,0.0,0.115,0,0.0,0
2.28,1.707,0.564,0.226,4.735,2,2.0,0
0.099,0.076,0.0,0.0,0.222,1,1.0,0
4.137,11.248,5.128,1.423,22.244,11,24.0,1
0.081,0.105,0.0,0.0,0.141,0,0.0,0
0.061,0.039,0.0,0.0,0.13,1,1.0,0
6.257,14.816,15.542,2.808,39.435,11,14.0,1
0.064,0.015,0.0,0.0,0.127,0,2.0,0
2.408,1.763,0.0,0.364,4.525,2,5.0,0
5.365,8.616,16.439,1.695,31.862,4,39.0,1
6.024,8.224,5.497,2.999,22.98,5,30.0,1
2.587,5.569,7.501,0.727,16.039,3,17.0,1
0.151,0.752,0.0,0.0,0.935,2,3.0,0
6.57,8.862,30.545,1.189,47.217,3,19.0,1
7.765,16.79,12.201,0.798,37.509,8,36.0,1
4.075,5.373,15.007,1.319,25.934,3,44.0,1
1.799,1.635,0.0,0.777,4.211,2,5.0,0
0.267,0.014,0.0,0.0,0.303,0,2.0,0
0.367,0.01,0.0,0.0,0.349,0,0.0,0
7.902,23.279,31.223,1.327,63.802,3,42.0,1
0.348,0.73,0.0,0.0,0.98,1,2.0,0
3.233,7.509,4.692,0.233,15.67,6,13.0,1
0.326,1.071,0.0,0.0,1.463,2,2.0,0
2.854,18.534,12.546,2.916,36.883,6,40.0,1
0.048,0.307,0.0,0.0,0.314,0,1.0,0
6.748,22.653,12.36,2.151,43.816,6,40.0,1
2.728,2.415,0.368,0.912,6.436,2,4.0,0
0.113,0.051,0.0,0.0,0.08,0,0.0,0
0.127,0.248,0.0,0.0,0.404,0,0.0,0
0.979,7.795,5.157,0.687,14.295,6,17.0,1
1.985,6.858,6.689,0.449,15.756,4,11.0,1
2.496,34.067,23.074,1.629,61.442,8,54.0,1
5.212,10.992,7.787,2.261,26.267,7,19.0,1
1.906,5.799,6.541,0.267,14.628,6,12.0,1
2.58,4.668,0.459,0.572,8.243,3,5.0,0
3.108,18.619,6.689,3.413,32.115,10,35.0,1
4.605,26.904,10.948,2.577,45.341,6,45.0,1
0.744,0.827,0.0,0.197,1.811,2,2.0,0
4.684,27.842,28.371,0.752,61.706,7,50.0,1
3.746,8.376,32.201,0.297,44.541,6,20.0,1
0.089,0.021,0.0,0.0,0.185,1,0.0,0
1.632,3.746,0.028,1.125,6.545,3,6.0,0
3.711,4.907,0.054,0.622,9.32,1,6.0,0
6.818,21.508,11.787,3.694,43.857,4,21.0,1
3.746,15.147,16.983,1.4,37.059,10,20.0,1
2.57,21.584,27.66,1.449,53.085,7,51.0,1
0.022,1.093,0.0,0.0,1.102,2,2.0,0
3.85,3.913,0.3,1.168,9.249,3,5.0,0
7.133,17.201,12.27,0.559,37.155,3,50.0,1
0.008,0.097,0.0,0.0,0.165,1,0.0,0
3.599,21.616,10.044,2.197,37.251,3,51.0,1
2.045,0.893,0.0,0.724,3.604,1,3.0,0
7.165,22.551,10.398,3.913,44.27,4,29.0,1
2.473,17.784,6.427,0.931,27.676,11,14.0,1
0.008,0.077,0.0,0.0,0.12,1,0.0,0
4.547,6.761,19.365,3.629,34.324,10,41.0,1
2.865,2.54,0.601,0.348,6.354,3,3.0,0
0.117,0.024,0.0,0.0,0.142,0,1.0,0
1.613,1.744,0.752,0.262,4.379,1,3.0,0
0.117,0.056,0.0,0.0,0.168,1,0.0,0
0.099,0.185,0.0,0.0,0.358,0,0.0,0
0.327,0.772,0.0,0.118,1.273,2,3.0,0
0.175,0.033,0.0,0.0,0.274,0,0.0,0
1.078,6.33,8.408,0.253,15.845,6,10.0,1
1.069,9.022,31.453,1.918,43.325,3,17.0,1
2.841,2.649,0.52,0.011,6.101,1,4.0,0
2.892,23.54,7.843,1.925,36.344,4,22.0,1
2.681,4.312,7.981,0.325,15.296,4,15.0,1
7.981,18.092,13.222,0.252,39.321,9,16.0,1
4.006,3.754,0.032,1.433,9.201,3,7.0,0
6.156,15.536,18.445,1.55,41.671,4,19.0,1
0.307,0.452,0.0,0.0,0.855,2,3.0,0
6.102,22.992,19.946,1.157,50.584,4,39.0,1
2.22,12.751,6.896,3.09,25.049,9,36.0,1
6.899,21.051,21.019,1.203,50.236,5,35.0,1
1.374,1.148,0.0,0.593,3.1,1,5.0,0
1.771,1.08,0.0,0.217,3.061,2,2.0,0
2.991,3.711,3.071,0.701,10.469,5,8.0,1
1.77,1.724,0.0,0.102,3.697,1,4.0,0
2.787,2.402,0.455,0.265,5.947,3,2.0,0
0.033,0.228,0.0,0.0,0.218,2,1.0,0
5.824,7.068,12.044,2.664,27.485,8,27.0,1
6.292,15.717,9.656,2.001,33.412,8,51.0,1
3.327,21.756,31.61,2.07,58.714,6,58.0,1
2.081,8.164,8.154,0.07,18.406,4,14.0,1
4.887,12.826,18.149,2.363,37.979,8,32.0,1
2.337,1.763,0.357,0.371,4.804,3,7.0,0
2.421,1.771,0.417,0.373,4.994,3,6.0,0
0.169,1.164,0.27,0.0,1.57,2,3.0,0
1.537,1.004,0.0,0.755,3.255,2,4.0,0
0.255,1.196,0.0,0.0,1.512,2,1.0,0
0.035,0.191,0.0,0.0,0.28,0,0.0,0
9.874,12.161,18.581,0.092,40.685,7,49.0,1
4.162,1.832,0.447,0.843,7.357,3,5.0,0
6.56,21.284,12.632,2.604,43.148,5,20.0,1
4.455,2.944,0.022,1.078,8.456,2,7.0,0
2.325,1.017,0.0,0.172,3.543,2,2.0,0
0.265,0.788,0.0,0.024,1.074,2,2.0,0
3.803,3.213,0.37,0.475,7.858,2,3.0,0
1.396,0.89,0.193,0.334,2.785,1,3.0,0
4.526,13.587,14.513,3.628,35.906,5,30.0,1
0.08,0.073,0.0,0.0,0.05,0,0.0,0
1.577,2.844,0.468,0.141,4.955,3,3.0,0
3.256,2.925,0.786,0.231,7.231,2,4.0,0
0.249,1.134,0.0,0.0,1.297,2,2.0,0
2.824,20.104,24.197,2.352,49.447,3,51.0,1
0.395,0.694,0.0,0.0,1.005,2,1.0,0
0.139,0.44,0.323,0.226,1.084,2,1.0,0
1.151,1.172,0.345,0.477,3.073,2,3.0,0
0.285,0.415,0.0,0.0,0.686,1,1.0,0
4.251,2.366,0.406,0.748,7.788,2,3.0,0
2.0,6.327,3.808,0.398,12.615,6,12.0,1
3.115,4.945,7.069,0.155,15.238,5,9.0,1
0.344,0.947,0.0,0.0,1.323,2,1.0,0
1.72,10.988,39.767,0.291,52.732,7,15.0,1
4.561,9.107,18.524,0.38,32.74,4,26.0,1
3.365,6.005,6.445,0.538,16.266,4,15.0,1
1.498,3.562,0.143,1.404,6.623,1,6.0,0
1.066,5.62,5.244,0.494,12.41,5,15.0,1
1.938,1.257,0.0,0.162,3.346,2,4.0,0
0.018,0.219,0.0,0.0,0.26,1,2.0,0
0.22,0.579,0.0,0.0,0.806,1,2.0,0
0.35,0.951,0.361,0.0,1.701,2,1.0,0
4.422,3.898,0.477,0.488,9.319,1,5.0,0
2.917,19.567,30.021,3.0,55.571,8,31.0,1
0.197,0.686,0.0,0.0,0.917,1,1.0,0
3.387,10.915,24.772,1.146,40.328,5,24.0,1
4.033,4.841,0.279,1.397,10.517,1,3.0,0
0.107,0.183,0.0,0.0,0.332,1,0.0,0
3.607,23.332,12.965,0.523,40.726,8,40.0,1
2.065,14.789,17.786,1.079,35.716,6,20.0,1
1.101,2.401,0.167,0.219,3.895,2,5.0,0
2.089,2.502,0.038,1.29,5.967,2,6.0,0
0.254,0.588,0.0,0.0,0.773,1,2.0,0
1.983,10.789,31.409,1.449,45.701,5,23.0,1
0.343,0.827,0.0,0.0,1.058,1,2.0,0
0.01,0.162,0.13,0.193,0.51,0,1.0,0
7.894,22.395,25.154,0.76,56.424,8,51.0,1
1.206,1.657,0.213,0.141,3.223,2,5.0,0
1.568,1.516,0.0,0.499,3.485,2,3.0,0
2.518,2.257,0.423,0.323,5.506,2,7.0,0
2.399,5.253,6.987,0.373,15.046,4,7.0,1
4.802,19.007,33.274,2.608,59.888,4,18.0,1
2.894,2.56,0.198,0.12,5.758,3,2.0,0
3.497,4.104,0.322,0.424,8.3,2,6.0,0
2.177,13.244,10.767,1.302,27.484,5,26.0,1
2.095,2.37,0.556,0.21,5.239,1,3.0,0
0.134,1.106,0.0,0.0,1.286,2,3.0,0
1.547,13.683,23.893,1.738,41.035,4,26.0,1
3.765,22.291,20.308,2.235,48.669,12,29.0,1
5.893,20.015,32.66,2.8,61.595,7,17.0,1
7.667,32.786,27.498,0.41,68.34,6,52.0,1
8.169,12.622,27.087,1.94,49.68,5,15.0,1
7.352,29.201,8.283,1.059,45.53,7,54.0,1
4.939,16.191,33.354,1.853,56.157,5,54.0,1
3.127,3.541,3.473,0.592,10.791,3,9.0,1
1.042,5.509,7.646,0.858,15.429,6,13.0,1
4.092,13.481,35.425,1.293,54.524,7,18.0,1
1.29,4.202,0.416,0.607,6.411,3,5.0,0
9.194,16.054,24.594,1.694,51.196,7,28.0,1
0.146,0.207,0.0,0.0,0.316,0,0.0,0
0.026,0.85,0.0,0.0,0.917,2,3.0,0
0.354,0.781,0.366,0.0,1.5,2,1.0,0
5.34,10.853,19.571,2.968,38.403,12,26.0,1
0.067,0.498,0.0,0.0,0.519,1,0.0,0
2.367,13.736,18.275,0.987,35.536,12,13.0,1
0.009,0.151,0.0,0.0,0.125,0,2.0,0
2.472,8.378,4.592,0.343,15.945,5,17.0,1
0.264,0.442,0.0,0.0,0.701,1,3.0,0
0.083,0.25,0.0,0.0,0.351,1,1.0,0
4.142,19.42,6.714,3.398,33.627,5,19.0,1
7.479,16.651,20.845,3.922,49.213,5,40.0,1
0.005,0.615,0.0,0.0,0.607,1,2.0,0
7.658,22.36,5.388,1.963,37.219,4,35.0,1
1.956,4.647,6.988,0.36,14.12,6,7.0,1
2.752,13.328,11.835,2.939,31.159,7,45.0,1
7.635,30.774,17.998,2.101,58.512,5,30.0,1
1.612,7.491,4.343,0.227,13.636,3,13.0,1
7.358,10.592,26.018,1.431,45.621,5,51.0,1
6.56,10.597,27.827,0.073,44.886,4,49.0,1
3.03,4.932,4.012,0.558,12.436,4,16.0,1
0.29,0.922,0.0,0.0,1.23,2,2.0,0
1.902,10.628,11.22,1.852,25.441,3,20.0,1
0.239,0.288,0.0,0.0,0.491,1,3.0,0
0.208,0.038,0.0,0.0,0.21,0,0.0,0
7.006,20.579,6.94,2.836,37.35,4,39.0,1
6.557,23.92,25.551,1.011,56.985,8,24.0,1
0.034,0.029,0.0,0.0,0.149,1,0.0,0
1.475,4.755,5.316,0.22,11.702,5,12.0,1
6.735,11.647,12.295,3.886,34.536,5,36.0,1
1.985,7.819,6.486,0.051,16.311,6,16.0,1
0.111,0.866,0.36,0.0,1.42,1,1.0,0
0.088,0.064,0.0,0.0,0.148,1,0.0,0
0.091,0.062,0.0,0.0,0.176,1,0.0,0
0.915,6.089,7.902,0.363,15.482,5,16.0,1
0.045,0.44,0.0,0.0,0.525,2,1.0,0
4.722,22.499,25.432,2.091,54.396,8,28.0,1
0.076,0.308,0.0,0.0,0.411,1,0.0,0
0.092,0.079,0.0,0.0,0.234,1,0.0,0
2.243,2.897,0.616,0.388,6.09,2,3.0,0
4.249,12.208,16.195,1.703,34.176,4,14.0,1
3.928,1.561,0.437,1.221,7.182,1,4.0,0
7.175,26.881,12.665,1.639,48.267,6,30.0,1
0.094,0.434,0.0,0.0,0.515,1,0.0,0
0.042,0.12,0.0,0.0,0.142,0,2.0,0
1.693,8.159,4.307,0.349,14.416,5,15.0,1
0.065,1.144,0.0,0.0,1.174,1,3.0,0
8.749,26.035,14.36,2.057,51.064,5,18.0,1
1.364,2.315,0.391,0.469,4.54,3,6.0,0
6.262,21.654,18.841,0.102,46.913,5,51.0,1
2.589,5.607,5.967,0.55,14.697,5,15.0,1
2.443,29.1,8.128,2.888,42.286,5,34.0,1
3.728,13.18,18.225,1.611,36.723,5,58.0,1
0.227,0.954,0.391,0.0,1.545,1,3.0,0
0.043,0.022,0.0,0.0,0.031,1,0.0,0
3.347,10.091,34.023,1.957,49.579,3,16.0,1
0.077,0.335,0.0,0.0,0.462,1,0.0,0
0.048,0.027,0.0,0.0,0.02,0,1.0,0
0.197,0.488,0.0,0.0,0.6,2,2.0,0
5.533,28.969,11.556,2.64,48.903,4,32.0,1
2.277,19.461,34.321,0.632,56.617,8,36.0,1
0.012,0.268,0.0,0.0,0.216,1,0.0,0
0.449,0.292,0.0,0.0,0.757,1,0.0,0
0.001,0.625,0.0,0.0,0.521,2,1.0,0
2.399,14.12,29.694,0.42,46.44,6,24.0,1
9.146,9.398,14.849,2.522,36.122,3,59.0,1
0.025,0.151,0.0,0.122,0.27,1,1.0,0
0.066,0.277,0.0,0.0,0.403,1,1.0,0
0.045,0.513,0.0,0.0,0.601,1,1.0,0
3.435,4.231,0.398,0.951,9.006,1,4.0,0
2.766,5.149,32.508,0.029,40.523,3,39.0,1
6.692,24.523,13.522,1.788,46.625,5,22.0,1
2.554,4.145,5.977,0.607,13.366,3,12.0,1
0.233,1.087,0.0,0.0,1.35,1,2.0,0
2.347,1.366,0.0,0.339,4.078,2,4.0,0
4.338,18.739,18.261,1.989,43.15,4,40.0,1
1.846,2.908,0.341,0.608,5.716,3,4.0,0
6.738,32.042,27.322,2.253,68.111,3,57.0,1
0.043,0.037,0.0,0.2,0.182,0,0.0,0
0.059,1.198,0.0,0.0,1.231,2,3.0,0
0.109,0.523,0.0,0.0,0.64,1,3.0,0
0.354,1.177,0.0,0.0,1.551,1,3.0,0
7.307,22.383,14.672,2.727,47.427,7,30.0,1
2.79,20.226,26.564,2.66,52.346,8,36.0,1
0.065,0.934,0.259,0.0,1.278,2,2.0,0
3.441,20.206,15.988,1.28,40.989,7,21.0,1
1.839,0.635,0.0,0.358,2.927,1,3.0,0
7.165,24.267,17.764,0.852,50.166,8,24.0,1
1.769,3.21,0.033,1.448,6.389,1,6.0,0
1.653,4.626,0.113,0.229,6.628,1,4.0,0
2.521,5.844,6.686,0.355,15.195,5,10.0,1
1.312,1.095,0.0,0.552,2.963,1,5.0,0
3.514,3.131,0.223,1.386,8.231,2,6.0,0
1.571,2.911,0.008,0.367,4.834,1,4.0,0
0.339,0.923,0.0,0.206,1.445,1,2.0,0
1.097,5.101,38.028,0.904,45.121,3,40.0,1
8.051,19.044,22.655,2.261,52.16,7,30.0,1
3.253,4.413,8.426,0.116,15.928,4,10.0,1
0.28,0.247,0.0,0.0,0.598,1,3.0,0
3.561,9.538,12.894,0.817,26.973,8,37.0,1
9.383,23.94,29.156,0.683,63.127,3,23.0,1
2.087,5.892,3.657,0.392,11.922,4,12.0,1
2.014,22.051,5.987,2.788,33.2,9,40.0,1
0.078,0.123,0.0,0.0,0.22,1,1.0,0
0.169,0.031,0.0,0.0,0.235,0,0.0,0
9.807,33.443,34.783,2.588,80.72,3,39.0,1
0.212,1.188,0.0,0.0,1.424,2,2.0,0
3.814,16.504,20.933,3.948,45.233,12,42.0,1
0.218,0.718,0.0,0.0,0.999,2,3.0,0
0.143,0.172,0.0,0.0,0.275,1,0.0,0
1.568,1.629,0.29,0.407,3.983,2,5.0,0
1.329,1.208,0.0,0.752,3.241,2,4.0,0
6.612,17.424,30.02,0.055,54.247,6,46.0,1
4.903,12.987,10.673,2.806,31.238,7,16.0,1
3.761,15.039,16.856,0.26,35.546,2,26.0,1
2.182,23.136,9.116,1.636,35.934,6,46.0,1
0.311,0.978,0.0,0.047,1.313,1,2.0,0
0.058,0.613,0.0,0.0,0.621,1,0.0,0
0.89,1.458,0.084,0.644,3.1,1,5.0,0
5.247,12.73,11.32,2.691,31.9,5,13.0,1
8.854,13.641,17.759,1.677,42.118,8,39.0,1
4.18,7.994,10.266,1.013,23.819,11,16.0,1
3.299,5.462,7.042,0.579,16.477,5,10.0,1
0.395,0.87,0.0,0.0,1.29,2,1.0,0
0.095,0.543,0.0,0.0,0.723,2,3.0,0
6.24,22.385,16.773,0.263,45.902,7,39.0,1
0.09,0.182,0.0,0.0,0.242,0,0.0,0
0.285,1.054,0.0,0.0,1.3,2,3.0,0
9.671,8.925,32.934,1.454,52.991,4,58.0,1
0.284,0.83,0.0,0.0,1.138,2,2.0,0
0.008,0.36,0.0,0.0,0.512,1,0.0,0
9.254,18.807,14.964,2.083,45.069,7,44.0,1
1.846,8.743,8.134,0.446,18.775,5,16.0,1
3.281,8.375,7.599,0.854,20.32,5,8.0,1
2.072,2.375,0.145,0.018,4.618,1,4.0,0
0.026,0.755,0.0,0.0,0.809,0,0.0,0
1.618,1.992,0.0,0.57,4.209,2,3.0,0
4.226,3.367,0.464,0.951,8.991,1,3.0,0
6.954,11.147,7.243,2.96,27.808,12,17.0,1
1.281,3.032,0.085,0.381,4.724,2,7.0,0
0.175,1.197,0.0,0.0,1.311,1,3.0,0
6.12,14.003,6.791,2.907,29.871,10,33.0,1
1.19,17.578,33.13,1.105,53.05,4,23.0,1
0.007,0.015,0.0,0.101,0.102,1,1.0,0
0.319,0.586,0.195,0.296,1.41,2,1.0,0
1.478,1.391,0.0,0.466,3.359,2,3.0,0
8.632,26.194,33.744,0.318,68.921,5,29.0,1
3.023,3.708,0.104,0.557,7.431,1,3.0,0
3.001,6.676,29.926,1.985,41.612,7,41.0,1
1.6,8.709,6.05,0.167,16.982,5,15.0,1
1.263,1.129,0.0,0.576,2.921,1,3.0,0
2.514,3.436,0.05,0.985,7.032,2,6.0,0
0.174,0.933,0.0,0.0,1.093,1,3.0,0
2.33,24.844,17.204,1.152,45.25,12,43.0,1
4.294,1.958,0.285,0.496,6.997,3,7.0,0
4.445,10.282,12.071,0.463,27.257,5,18.0,1
7.314,23.701,18.401,0.96,50.331,11,26.0,1
0.141,0.093,0.0,0.0,0.28,0,0.0,0
3.418,1.074,0.338,0.361,5.181,2,4.0,0
2.596,22.993,8.42,2.98,37.132,4,16.0,1
4.421,7.878,27.189,1.394,41.198,7,37.0,1
0.146,0.091,0.0,0.0,0.19,0,0.0,0
7.623,25.209,11.385,1.924,46.298,4,36.0,1
0.83,6.542,8.333,0.457,16.247,6,16.0,1
4.733,14.324,31.641,0.967,51.675,7,14.0,1
1.647,10.166,20.383,0.821,33.144,2,28.0,1
3.419,5.387,31.107,1.756,41.755,7,24.0,1
3.404,8.353,37.948,0.514,50.134,6,28.0,1
2.259,10.941,21.042,1.214,35.963,6,38.0,1
0.298,0.277,0.0,0.0,0.514,0,0.0,0
3.745,19.632,31.612,2.992,57.584,4,40.0,1
2.802,7.939,6.293,0.331,16.667,5,11.0,1
7.29,12.336,6.116,1.189,27.105,11,13.0,1
1.527,6.542,6.769,0.209,15.161,4,7.0,1
6.411,13.835,22.791,2.828,45.819,3,28.0,1
9.421,11.577,16.154,2.519,39.998,5,39.0,1
4.963,8.139,25.215,0.309,38.827,7,24.0,1
2.458,0.6,0.0,0.312,3.37,1,5.0,0
7.594,18.408,12.762,0.085,39.038,4,24.0,1
6.248,6.539,10.795,1.523,25.133,12,30.0,1
5.912,17.095,5.206,2.556,30.544,5,20.0,1
0.049,0.111,0.0,0.0,0.156,1,0.0,0
5.379,12.354,9.174,0.463,27.495,7,39.0,1
8.275,21.823,23.602,1.559,55.226,3,19.0,1
0.01,0.017,0.0,0.0,0.002,0,0.0,0
4.881,17.622,19.269,2.548,44.459,5,36.0,1
8.446,18.451,34.797,0.897,62.788,6,58.0,1
2.776,5.815,14.899,0.453,24.326,4,28.0,1
0.03,0.6,0.0,0.0,0.655,1,1.0,0
1.747,2.533,0.45,0.109,4.821,1,2.0,0
9.745,10.548,16.416,2.293,38.953,8,52.0,1
6.531,10.889,18.467,0.897,36.767,5,44.0,1
9.527,28.223,16.568,0.748,54.971,4,57.0,1
0.233,0.686,0.0,0.0,0.969,2,1.0,0
2.114,2.703,0.783,0.131,5.721,3,5.0,0
2.082,4.742,8.174,0.915,15.94,3,10.0,1
8.634,26.244,28.061,1.369,64.488,5,16.0,1
7.746,10.271,26.911,2.361,47.506,3,43.0,1
1.171,16.29,34.302,1.644,54.043,2,25.0,1
5.412,18.024,13.645,0.6,37.763,4,18.0,1
7.288,12.527,5.022,1.171,25.849,6,25.0,1
0.111,0.305,0.0,0.0,0.382,0,1.0,0
1.568,0.598,0.0,0.252,2.437,2,3.0,0
5.844,15.988,9.835,3.688,35.23,10,44.0,1
9.527,23.069,23.961,0.528,57.126,8,46.0,1
2.267,5.737,21.989,1.01,30.886,7,23.0,1
2.771,3.117,0.163,0.861,6.954,3,6.0,0
3.873,1.538,0.427,1.14,7.011,2,5.0,0
2.149,0.942,0.0,0.72,3.763,2,2.0,0
0.019,0.672,0.0,0.0,0.675,1,2.0,0
7.658,14.186,30.349,2.053,54.12,4,40.0,1
1.691,1.5,0.205,0.205,3.556,3,6.0,0
2.114,4.231,7.338,0.081,13.841,4,13.0,1
0.23,0.548,0.0,0.0,0.796,2,2.0,0
1.57,3.58,5.499,0.79,11.4,3,11.0,1
2.59,8.744,31.315,2.107,45.1,3,55.0,1
0.048,0.021,0.0,0.0,0.055,0,0.0,0
1.665,1.154,0.095,0.778,3.666,1,2.0,0
2.821,9.746,27.168,1.819,41.758,7,58.0,1
3.414,4.619,0.298,0.492,8.895,2,5.0,0
5.819,6.144,21.131,3.087,36.46,8,39.0,1
1.259,7.675,7.971,0.687,17.626,3,8.0,1
7.605,22.08,6.2,1.517,37.146,5,37.0,1
3.857,3.025,0.487,1.202,8.672,3,7.0,0
3.48,14.761,32.957,0.913,51.752,5,42.0,1
0.118,0.001,0.127,0.0,0.272,0,0.0,0
0.237,0.084,0.0,0.0,0.266,0,1.0,0
3.09,2.563,0.192,0.297,6.111,2,2.0,0
0.149,0.323,0.0,0.0,0.393,0,0.0,0
6.563,15.004,8.474,2.158,32.1,5,52.0,1
0.108,0.954,0.353,0.0,1.384,2,1.0,0
0.203,0.693,0.0,0.0,0.892,1,1.0,0
1.572,7.891,3.791,0.369,13.342,5,9.0,1
0.082,1.05,0.211,0.0,1.404,1,2.0,0
4.346,8.415,20.261,1.884,34.636,3,28.0,1
0.317,0.584,0.0,0.0,0.94,2,2.0,0
9.387,15.314,22.849,1.088,48.301,6,44.0,1
1.221,0.969,0.0,0.777,2.944,2,4.0,0
0.002,1.175,0.0,0.0,1.195,1,1.0,0
4.383,25.203,11.463,1.269,42.28,4,48.0,1
2.476,1.623,0.386,0.431,5.009,2,3.0,0
0.154,0.851,0.0,0.0,1.025,2,1.0,0
5.737,9.477,34.824,2.705,52.259,6,18.0,1
3.449,6.261,4.612,0.275,14.923,5,16.0,1
1.245,6.181,7.966,0.474,16.025,4,13.0,1
0.096,0.059,0.0,0.0,0.183,1,1.0,0
0.092,0.73,0.0,0.0,0.782,2,3.0,0
4.214,21.007,9.901,1.642,37.013,11,43.0,1
0.043,0.255,0.0,0.0,0.326,1,0.0,0
8.679,13.639,10.787,2.282,35.46,7,58.0,1
6.624,19.216,30.012,0.818,56.583,7,56.0,1
0.317,0.721,0.0,0.0,1.082,1,2.0,0
7.56,18.367,25.172,0.214,51.319,3,58.0,1
0.187,0.031,0.0,0.0,0.258,1,1.0,0
1.237,4.399,0.179,0.5,6.346,3,4.0,0
2.639,2.919,0.788,0.327,6.692,3,3.0,0
9.623,31.686,23.415,1.49,66.22,6,27.0,1
0.219,0.82,0.0,0.0,1.048,1,3.0,0
3.178,16.43,13.047,1.924,34.195,4,21.0,1
4.967,5.082,29.136,1.47,40.579,6,47.0,1
2.308,1.524,0.668,0.21,4.622,2,6.0,0
1.135,4.014,0.153,0.443,5.688,2,3.0,0
3.711,15.52,36.985,0.898,57.142,6,32.0,1
3.463,5.884,6.602,0.894,16.747,4,15.0,1
2.765,5.963,34.546,1.506,44.658,6,23.0,1
1.177,8.596,28.167,1.37,39.557,6,41.0,1
2.71,10.022,8.192,1.472,22.422,6,31.0,1
0.266,0.145,0.0,0.0,0.5,1,0.0,0
2.456,12.499,26.053,2.892,44.027,3,18.0,1
4.041,21.906,8.387,1.722,36.251,7,26.0,1
1.891,2.635,0.509,0.365,5.348,3,5.0,0
5.675,15.46,13.993,2.452,37.71,8,31.0,1
5.182,25.896,24.02,2.59,57.613,7,52.0,1
1.92,6.772,4.732,0.61,13.955,5,9.0,1
4.483,17.794,39.767,0.777,62.693,3,36.0,1
2.444,3.183,0.401,1.231,7.176,2,5.0,0
3.254,14.403,9.217,2.567,29.28,4,26.0,1
7.405,22.374,28.713,0.637,59.004,5,53.0,1
3.009,27.538,12.691,0.507,43.941,4,43.0,1
2.881,9.497,28.89,1.106,42.09,6,31.0,1
0.304,0.004,0.0,0.0,0.322,1,0.0,0
0.234,0.458,0.0,0.0,0.687,1,3.0,0
2.69,3.901,5.304,0.515,12.755,5,10.0,1
4.153,17.915,20.04,0.412,42.386,3,49.0,1
2.055,4.163,7.514,0.782,14.208,5,11.0,1
5.608,24.02,25.71,0.741,55.948,4,18.0,1
4.58,7.413,19.913,3.892,35.818,6,43.0,1
0.218,1.077,0.0,0.0,1.234,2,3.0,0
0.308,0.343,0.0,0.0,0.612,2,2.0,0
0.031,0.116,0.0,0.0,0.088,0,1.0,0
5.859,11.06,8.688,1.481,27.014,4,23.0,1
1.938,1.769,0.529,0.46,4.721,3,3.0,0
3.974,12.909,21.426,1.67,40.138,3,34.0,1
3.602,15.253,15.84,3.958,38.808,5,44.0,1
1.706,1.586,0.0,0.233,3.585,2,5.0,0
7.787,26.101,24.234,2.9,61.255,5,53.0,1
0.137,0.242,0.0,0.0,0.259,1,3.0,0
3.824,34.689,34.101,0.368,72.833,3,37.0,1
3.169,8.696,7.9,0.1,19.59,6,8.0,1
2.92,2.527,0.667,0.472,6.487,3,6.0,0
5.325,21.707,20.425,2.101,49.864,5,37.0,1
0.013,1.025,0.0,0.0,1.063,1,1.0,0
0.084,1.121,0.0,0.106,1.294,2,2.0,0
4.589,12.643,16.384,2.765,36.096,5,28.0,1
2.071,4.442,0.348,1.34,8.35,3,6.0,0
3.247,6.889,7.258,0.576,18.02,4,15.0,1
3.156,4.335,0.499,0.419,8.413,2,4.0,0
4.593,28.061,24.709,2.279,59.85,6,49.0,1
1.279,5.262,7.456,0.542,14.206,5,10.0,1
9.811,15.717,16.778,0.311,42.568,4,15.0,1
5.112,24.806,32.528,2.988,65.605,7,47.0,1
0.11,0.319,0.0,0.0,0.494,1,2.0,0
3.754,15.042,27.479,1.415,47.552,5,32.0,1
2.525,2.72,0.459,0.645,6.42,2,7.0,0
4.286,1.522,0.468,0.604,6.871,1,6.0,0
0.287,0.02,0.0,0.0,0.319,0,2.0,0
6.773,29.33,24.635,0.211,60.676,5,17.0,1
0.155,0.103,0.0,0.0,0.367,0,0.0,0
0.163,0.312,0.0,0.0,0.494,0,0.0,0
8.033,17.692,16.958,1.351,44.139,7,17.0,1
0.167,0.031,0.0,0.0,0.214,0,0.0,0
0.153,0.154,0.0,0.0,0.291,1,0.0,0
4.78,12.391,29.801,1.242,48.18,2,18.0,1
0.134,0.118,0.0,0.0,0.229,1,0.0,0
3.24,4.934,0.053,0.324,8.549,1,3.0,0
1.004,0.982,0.0,0.414,2.47,2,2.0,0
0.562,1.927,0.0,0.37,2.829,2,3.0,0
6.842,17.053,10.887,1.934,36.339,5,21.0,1
0.032,0.358,0.0,0.0,0.397,1,2.0,0
0.137,0.679,0.0,0.101,0.907,2,1.0,0
4.7,17.965,14.598,3.796,41.454,7,30.0,1
0.132,0.936,0.0,0.0,1.006,2,3.0,0
4.403,12.203,25.393,1.656,43.602,4,26.0,1
3.093,17.583,17.607,3.05,41.034,10,43.0,1
3.819,2.101,0.419,1.084,7.451,3,5.0,0
2.527,8.731,14.573,1.581,27.91,4,48.0,1
0.168,1.03,0.0,0.157,1.376,1,2.0,0
0.003,0.138,0.0,0.0,0.169,1,0.0,0
2.058,1.374,0.0,0.309,3.741,2,2.0,0
2.67,12.58,16.357,0.236,31.879,11,14.0,1
4.111,31.572,23.118,2.711,61.191,6,40.0,1
3.113,2.782,0.319,0.803,6.954,1,6.0,0
2.296,1.359,0.0,0.262,3.822,2,2.0,0
0.13,0.008,0.0,0.0,0.134,1,0.0,0
2.793,21.092,5.214,1.993,30.975,7,22.0,1
2.252,2.815,0.402,0.235,5.638,2,3.0,0
0.012,0.116,0.0,0.0,0.099,1,0.0,0
2.607,5.769,4.789,0.958,14.462,6,13.0,1
0.083,0.139,0.0,0.093,0.373,1,0.0,0
1.015,1.89,0.0,0.163,3.055,1,5.0,0
2.191,11.588,36.701,1.895,52.632,3,34.0,1
2.696,9.239,17.366,1.426,31.019,2,31.0,1
0.05,0.618,0.0,0.0,0.619,0,0.0,0
7.5,6.632,6.762,3.032,23.743,7,22.0,1
0.171,0.653,0.0,0.0,0.873,1,2.0,0
5.388,6.947,16.167,1.514,30.026,4,25.0,1
1.847,2.189,0.744,0.115,4.992,3,4.0,0
3.998,14.871,15.643,1.316,35.383,7,33.0,1
2.374,6.566,8.195,3.665,20.994,12,34.0,1
2.457,24.945,8.491,1.775,37.504,7,39.0,1
0.175,1.184,0.0,0.192,1.548,2,1.0,0
0.136,0.513,0.0,0.0,0.649,2,3.0,0
2.459,4.134,0.175,1.15,7.818,3,4.0,0
4.002,4.952,34.601,1.635,44.869,7,46.0,1
5.404,13.333,11.356,2.727,33.126,9,44.0,1
0.049,0.191,0.0,0.004,0.291,0,2.0,0
2.562,8.026,17.1,1.87,29.475,3,28.0,1
5.682,15.691,18.063,0.606,39.542,12,17.0,1
2.388,1.025,0.144,0.263,3.781,1,4.0,0
0.264,0.564,0.349,0.0,1.152,1,3.0,0
4.762,9.444,13.722,0.562,28.576,7,43.0,1
2.605,16.636,12.427,2.702,34.1,8,12.0,1
1.636,2.111,0.788,0.073,4.602,1,5.0,0
0.353,1.042,0.0,0.0,1.36,2,1.0,0
2.348,2.88,0.199,0.885,6.241,2,4.0,0
0.229,1.107,0.0,0.0,1.247,1,2.0,0
0.067,0.115,0.0,0.105,0.245,0,0.0,0
0.19,1.004,0.0,0.0,1.275,1,2.0,0
1.135,7.017,21.486,1.99,31.616,6,33.0,1
0.064,0.257,0.0,0.0,0.39,0,0.0,0
1.128,3.38,0.352,0.423,5.3,1,4.0,0
0.958,8.713,4.874,0.954,15.508,3,17.0,1
4.915,7.808,21.308,0.933,35.286,10,25.0,1
4.888,32.542,19.292,1.87,58.45,5,37.0,1
0.15,1.086,0.0,0.0,1.221,0,0.0,0
0.071,0.004,0.0,0.0,0.016,0,0.0,0
9.621,20.06,18.589,1.705,50.122,5,39.0,1
0.034,0.032,0.0,0.0,0.047,1,0.0,0
5.222,10.102,18.114,1.229,34.776,10,35.0,1
3.012,28.326,30.628,2.048,64.112,8,30.0,1
2.202,3.406,0.254,0.395,6.198,1,5.0,0
7.281,28.623,32.474,2.167,70.572,7,50.0,1
2.387,6.503,26.329,0.703,36.314,6,39.0,1
1.31,1.325,0.216,0.397,3.265,2,4.0,0
2.625,3.844,0.238,0.588,7.282,1,6.0,0
0.183,0.027,0.0,0.0,0.253,0,0.0,0
1.318,1.666,0.0,0.276,3.24,2,2.0,0
0.038,0.2,0.0,0.0,0.257,1,0.0,0
5.109,20.631,30.381,2.119,58.301,7,56.0,1
0.217,0.968,0.117,0.0,1.307,1,1.0,0
2.283,23.262,12.47,3.256,41.201,10,35.0,1
7.549,25.662,34.834,0.229,68.116,5,34.0,1
0.103,0.11,0.0,0.0,0.232,0,0.0,0
1.13,4.874,0.116,1.285,7.565,2,3.0,0
1.249,7.052,6.644,0.901,16.299,6,9.0,1
0.572,1.342,0.0,0.554,2.361,2,5.0,0
6.544,23.985,14.334,1.145,45.883,7,14.0,1
4.051,15.812,24.903,1.857,46.704,3,41.0,1
8.826,32.081,29.901,1.308,72.591,3,59.0,1
1.206,2.65,0.38,0.089,4.312,2,5.0,0
5.234,33.538,12.008,0.987,52.018,5,34.0,1
9.209,32.43,18.579,0.97,61.401,7,24.0,1
0.342,0.984,0.0,0.0,1.308,1,1.0,0
0.013,0.16,0.0,0.0,0.159,0,1.0,0
2.383,17.688,19.931,1.312,41.43,5,35.0,1
9.124,11.853,24.304,2.659,47.535,8,51.0,1
0.569,1.349,0.0,0.681,2.644,1,4.0,0
0.152,0.592,0.0,0.0,0.711,0,0.0,0
2.586,7.456,5.713,0.486,16.458,3,7.0,1
3.008,8.539,17.051,2.455,30.914,7,31.0,1
0.233,0.065,0.0,0.0,0.322,1,0.0,0
1.778,2.062,0.443,0.907,5.237,2,3.0,0
2.665,2.516,0.698,0.43,6.29,3,3.0,0
6.846,17.526,13.917,0.777,39.441,9,41.0,1
0.081,0.015,0.181,0.0,0.264,1,0.0,0
0.35,0.319,0.0,0.109,0.791,2,3.0,0
0.029,0.096,0.085,0.0,0.254,1,0.0,0
0.229,0.531,0.0,0.0,0.715,1,3.0,0
2.554,2.241,0.079,1.026,5.902,1,4.0,0
0.248,0.202,0.0,0.0,0.49,2,1.0,0
1.441,8.905,26.06,1.631,38.175,3,35.0,1
0.215,0.197,0.0,0.068,0.51,0,0.0,0
0.395,0.811,0.0,0.0,1.219,2,2.0,0
5.058,33.465,17.728,1.874,58.174,5,51.0,1
5.102,23.26,8.777,0.128,36.842,5,31.0,1
2.35,18.661,23.227,0.631,45.186,6,41.0,1
0.011,0.01,0.0,0.0,0.041,1,2.0,0
7.463,15.572,31.601,2.216,56.966,5,17.0,1
1.058,3.805,0.168,1.203,6.213,3,5.0,0
0.16,0.238,0.0,0.0,0.344,2,3.0,0
6.142,24.299,19.96,3.312,53.449,10,40.0,1
2.709,20.764,20.17,2.294,45.647,8,14.0,1
1.953,8.371,7.298,0.166,17.732,6,11.0,1
2.396,4.779,0.162,0.335,7.669,2,6.0,0
4.39,10.517,10.987,1.07,27.005,10,37.0,1
2.112,12.544,15.415,1.967,31.997,7,20.0,1
3.159,4.866,29.329,1.935,39.246,3,38.0,1
0.073,0.71,0.0,0.0,0.724,1,0.0,0
1.437,2.944,0.165,0.225,4.666,3,6.0,0
2.785,18.648,17.393,3.607,42.414,5,44.0,1
0.035,0.017,0.0,0.0,0.006,1,0.0,0
7.69,9.478,21.419,1.251,39.562,8,19.0,1
4.874,9.277,6.282,1.709,22.207,7,38.0,1
2.528,6.125,5.45,0.936,14.974,4,9.0,1
1.106,1.369,0.005,0.152,2.603,1,5.0,0
1.624,5.055,8.33,0.744,15.788,4,14.0,1
2.333,31.874,33.288,1.874,69.527,3,23.0,1
4.559,32.585,16.151,1.742,55.14,7,29.0,1
1.337,5.91,21.725,0.647,29.653,3,48.0,1
0.155,0.966,0.0,0.0,1.151,1,1.0,0
0.19,0.912,0.0,0.215,1.287,2,2.0,0
2.032,24.433,18.852,0.317,45.411,11,40.0,1
0.246,1.176,0.0,0.039,1.515,2,2.0,0
0.019,0.002,0.0,0.0,0.0,0,0.0,0
0.015,0.0,0.0,0.0,0.0,0,0.0,0
1.734,1.618,0.0,0.175,3.572,2,2.0,0
0.111,0.366,0.0,0.016,0.461,1,2.0,0
9.077,25.917,26.756,1.015,62.581,7,48.0,1
1.857,6.78,7.623,0.547,17.029,3,17.0,1
0.021,1.037,0.0,0.0,1.032,1,2.0,0
2.617,13.26,12.126,0.283,28.636,4,27.0,1
3.093,22.398,16.305,2.272,43.943,5,16.0,1
1.218,8.491,7.25,0.155,17.271,4,14.0,1
1.616,8.572,3.068,0.709,13.987,6,10.0,1
0.143,0.028,0.0,0.0,0.263,0,1.0,0
0.157,1.002,0.0,0.0,1.147,1,1.0,0
0.248,0.375,0.0,0.0,0.66,1,1.0,0
3.908,7.033,15.026,1.189,27.289,3,24.0,1
0.144,0.654,0.0,0.0,0.8,1,3.0,0
3.481,8.81,5.918,0.635,19.081,3,13.0,1
0.283,0.435,0.0,0.0,0.728,1,2.0,0
4.495,13.372,23.111,1.354,42.191,7,47.0,1
3.989,33.459,23.814,2.555,63.85,3,28.0,1
9.446,25.451,17.26,0.954,53.588,5,30.0,1
1.06,3.255,0.075,1.456,5.843,3,3.0,0
0.059,0.055,0.0,0.0,0.11,0,1.0,0
3.087,6.632,8.261,0.92,18.881,6,10.0,1
3.912,3.609,0.167,0.827,8.503,2,5.0,0
4.54,8.001,18.21,3.776,34.483,8,31.0,1
4.238,9.582,19.896,1.133,34.529,7,49.0,1
0.062,0.512,0.0,0.0,0.595,1,0.0,0
8.947,12.274,27.916,1.2,50.433,6,42.0,1
1.096,1.574,0.0,0.416,3.119,2,2.0,0
2.947,8.692,3.133,0.335,15.347,4,7.0,1
0.013,0.13,0.0,0.0,0.049,1,0.0,0
0.185,0.82,0.0,0.0,1.0,1,3.0,0
4.568,32.6,32.69,1.629,71.277,7,51.0,1
1.778,0.716,0.0,0.268,2.748,2,4.0,0
3.805,6.542,27.948,0.252,38.634,3,44.0,1
5.197,12.689,18.596,0.66,37.339,5,40.0,1
2.812,10.085,10.688,3.413,27.039,5,17.0,1
0.024,0.233,0.0,0.0,0.231,1,3.0,0
4.328,10.356,18.303,3.006,35.748,11,40.0,1
0.155,0.057,0.0,0.0,0.143,0,0.0,0
0.983,1.559,0.0,0.187,2.744,2,2.0,0
8.723,10.068,29.635,2.326,50.174,7,18.0,1
2.515,2.092,0.095,0.731,5.384,2,4.0,0
0.188,0.389,0.0,0.0,0.584,1,3.0,0
0.177,0.023,0.0,0.044,0.128,1,1.0,0
0.076,0.005,0.0,0.0,0.144,1,0.0,0
0.309,1.148,0.0,0.075,1.524,1,3.0,0
1.627,2.963,0.224,1.392,6.217,3,5.0,0
0.099,0.475,0.134,0.0,0.743,2,3.0,0
0.249,0.585,0.0,0.0,0.842,2,3.0,0
2.438,5.776,7.324,0.216,16.023,3,13.0,1
6.866,24.687,10.775,2.594,44.954,6,16.0,1
0.135,0.477,0.0,0.0,0.621,2,2.0,0
4.996,9.944,29.966,1.043,45.601,7,15.0,1
0.055,0.005,0.0,0.099,0.168,1,0.0,0
4.684,21.71,30.91,0.745,58.071,3,33.0,1
0.04,0.096,0.0,0.0,0.123,1,2.0,0
6.58,23.638,33.165,0.595,64.056,5,19.0,1
1.213,8.19,6.595,0.296,16.095,4,10.0,1
0.054,0.094,0.0,0.0,0.205,1,0.0,0
2.478,13.078,12.967,1.489,30.165,10,39.0,1
2.86,29.227,19.067,1.431,52.794,8,18.0,1
0.031,0.024,0.0,0.0,0.0,0,0.0,0
1.796,1.794,0.0,0.431,4.045,1,4.0,0
0.07,0.784,0.009,0.0,0.848,0,0.0,0
0.32,0.748,0.0,0.0,1.036,1,2.0,0
6.721,9.905,25.569,0.367,42.609,5,48.0,1
0.211,0.282,0.0,0.136,0.699,2,3.0,0
0.01,0.004,0.0,0.0,0.0,1,1.0,0
4.917,34.894,9.564,1.321,50.919,5,39.0,1
0.006,0.373,0.0,0.0,0.323,0,0.0,0
6.727,8.717,21.392,3.256,40.03,8,19.0,1
7.931,33.245,24.217,2.474,67.463,5,17.0,1
4.3,6.084,22.695,0.228,33.454,4,33.0,1
0.253,1.065,0.0,0.0,1.31,1,1.0,0
2.325,5.783,7.468,0.448,15.817,6,9.0,1
0.013,0.262,0.0,0.0,0.301,0,2.0,0
2.245,4.96,5.657,0.598,13.519,3,11.0,1
1.697,6.065,6.353,0.404,14.568,3,16.0,1
0.005,0.36,0.0,0.0,0.494,1,1.0,0
2.519,2.967,0.31,0.401,6.141,3,5.0,0
1.724,1.644,0.254,0.45,4.086,1,6.0,0
3.355,1.575,0.347,0.226,5.495,3,3.0,0
4.41,24.42,13.368,3.867,46.022,5,28.0,1
9.335,33.225,22.491,2.566,67.642,6,58.0,1
0.038,0.133,0.0,0.021,0.217,0,0.0,0
2.091,6.484,14.217,1.695,24.524,2,44.0,1
0.108,0.125,0.0,0.0,0.225,1,0.0,0
7.578,19.939,20.561,1.192,49.543,4,41.0,1
0.136,0.974,0.0,0.0,1.102,2,1.0,0
0.027,0.138,0.0,0.0,0.116,1,0.0,0
0.016,0.009,0.0,0.0,0.022,1,2.0,0
1.061,4.28,0.02,1.188,6.58,3,7.0,0
0.0,0.019,0.0,0.0,0.035,0,0.0,0
0.032,1.059,0.0,0.0,1.146,2,3.0,0
7.393,12.028,14.029,3.633,36.865,12,27.0,1
0.01,0.232,0.122,0.0,0.281,0,0.0,0
1.931,12.048,13.901,1.609,29.673,3,28.0,1
8.401,17.808,15.147,0.201,41.603,5,42.0,1
7.237,18.376,7.422,1.206,34.298,5,38.0,1
6.242,24.375,10.245,2.506,43.48,7,34.0,1
9.668,18.754,9.977,1.13,40.042,3,34.0,1
1.745,6.353,38.493,1.446,48.014,5,22.0,1
0.204,0.159,0.138,0.0,0.511,1,0.0,0
2.92,2.738,0.011,1.044,6.644,3,3.0,0
0.319,0.954,0.0,0.0,1.295,2,2.0,0
7.917,19.376,34.733,1.111,63.626,6,48.0,1
2.993,15.409,18.56,3.773,40.799,9,37.0,1
6.85,17.198,20.012,3.429,47.517,7,29.0,1
2.119,23.06,10.785,0.205,36.268,11,41.0,1
0.086,0.721,0.0,0.0,0.753,1,2.0,0
0.081,0.076,0.0,0.0,0.029,1,0.0,0
2.984,2.56,0.571,0.27,6.369,3,4.0,0
7.258,8.881,20.818,2.415,39.011,6,20.0,1
0.604,0.236,0.0,0.0,0.84,0,0.0,0
4.263,3.57,0.111,1.498,9.458,3,3.0,0
0.052,0.046,0.0,0.0,0.129,0,0.0,0
0.167,0.353,0.0,0.0,0.495,1,0.0,0
0.008,0.048,0.0,0.0,0.0,0,0.0,0
0.015,0.059,0.0,0.0,0.123,1,0.0,0
1.052,14.559,34.383,0.711,50.27,2,16.0,1
9.663,17.398,27.484,0.853,55.742,3,51.0,1
3.17,7.431,8.231,0.936,19.936,4,15.0,1
7.529,7.673,16.82,1.363,33.188,6,20.0,1
0.611,0.808,0.0,0.188,1.604,2,3.0,0
0.225,0.85,0.374,0.0,1.51,2,1.0,0
0.246,0.725,0.0,0.0,0.887,2,2.0,0
0.099,0.483,0.0,0.0,0.603,1,1.0,0
0.254,0.325,0.0,0.0,0.622,1,2.0,0
2.101,13.091,13.018,0.421,28.342,6,42.0,1
0.019,0.064,0.0,0.0,0.0,0,0.0,0
0.884,1.874,0.0,0.798,3.515,2,3.0,0
0.377,1.005,0.357,0.0,1.754,1,1.0,0
0.118,0.923,0.0,0.0,1.01,0,0.0,0
0.009,0.757,0.0,0.0,0.731,0,0.0,0
0.02,0.049,0.0,0.0,0.077,1,0.0,0
7.745,17.224,30.51,1.178,56.443,6,58.0,1
0.097,0.196,0.0,0.0,0.261,0,1.0,0
3.387,6.456,4.209,0.924,14.853,4,11.0,1
0.03,0.128,0.0,0.0,0.189,0,0.0,0
8.039,30.406,34.659,1.789,75.401,8,15.0,1
3.357,4.126,0.293,1.078,8.868,2,6.0,0
2.236,1.913,0.073,0.268,4.505,3,6.0,0
2.618,10.842,18.628,2.053,34.369,4,48.0,1
3.054,2.287,0.191,0.239,5.731,2,4.0,0
1.063,4.093,5.561,0.346,10.843,3,9.0,1
2.671,5.888,4.729,0.085,13.528,4,11.0,1
2.055,9.54,20.555,2.152,34.103,12,42.0,1
7.736,33.626,14.663,0.037,56.469,8,20.0,1
0.082,0.187,0.0,0.0,0.175,0,1.0,0
9.925,12.327,17.966,0.092,40.639,3,41.0,1
7.284,10.926,21.917,0.954,41.24,11,13.0,1
6.164,16.478,13.282,2.446,38.366,8,42.0,1
2.976,9.0,5.43,0.129,17.597,3,15.0,1
4.379,18.482,22.625,0.554,45.735,6,41.0,1
1.266,1.856,0.427,0.474,4.018,2,3.0,0
7.722,23.018,16.059,2.411,49.172,6,18.0,1
8.482,20.038,17.187,1.985,47.621,5,33.0,1
3.054,21.871,11.206,1.105,37.278,12,31.0,1
0.037,0.566,0.0,0.0,0.479,1,3.0,0
2.768,26.066,8.498,1.217,38.722,6,58.0,1
0.219,0.261,0.0,0.0,0.443,0,0.0,0
3.437,1.519,0.587,0.115,5.653,2,6.0,0
0.719,1.007,0.0,0.396,2.159,2,4.0,0
0.248,0.222,0.0,0.0,0.467,2,2.0,0
3.468,5.806,17.116,1.32,27.779,4,35.0,1
1.869,1.563,0.206,0.433,4.117,1,2.0,0
0.215,1.133,0.0,0.0,1.297,1,2.0,0
0.091,0.118,0.0,0.16,0.333,1,1.0,0
1.345,4.57,0.119,0.228,6.267,2,7.0,0
2.428,13.945,20.107,0.09,36.392,4,29.0,1
7.01,22.935,6.581,3.913,40.589,6,23.0,1
0.041,0.109,0.0,0.0,0.105,1,0.0,0
0.063,1.061,0.33,0.0,1.428,1,3.0,0
2.226,3.902,3.299,0.515,10.193,5,13.0,1
5.838,20.144,32.601,2.406,61.33,8,41.0,1
7.345,23.845,28.346,1.893,61.483,7,32.0,1
7.949,12.018,34.514,0.893,55.391,8,31.0,1
1.261,3.508,0.119,0.544,5.422,1,7.0,0
0.206,0.574,0.018,0.0,0.773,0,0.0,0
3.745,3.057,0.28,0.349,7.437,3,5.0,0
2.171,12.473,5.805,3.264,23.684,10,18.0,1
2.34,7.631,3.415,0.724,13.987,3,14.0,1
2.281,1.852,0.278,0.386,4.859,2,7.0,0
1.504,5.668,5.882,0.283,13.29,5,8.0,1
0.342,0.049,0.0,0.0,0.383,1,0.0,0
9.606,10.92,9.749,0.914,31.402,7,30.0,1
4.881,10.987,21.774,0.971,38.447,9,29.0,1
0.189,0.789,0.0,0.0,1.01,2,2.0,0
5.949,21.217,14.96,3.231,45.31,10,19.0,1
0.262,0.638,0.0,0.278,1.192,2,1.0,0
3.656,17.742,20.343,1.015,43.238,12,43.0,1
0.103,0.08,0.0,0.0,0.272,0,0.0,0
3.145,22.96,6.072,3.93,36.215,5,21.0,1
2.49,6.35,3.033,0.952,12.553,6,13.0,1
2.723,8.469,11.002,2.23,24.561,6,39.0,1
1.204,16.699,31.173,1.784,50.994,6,21.0,1
2.186,17.431,18.381,2.505,40.748,11,33.0,1
0.241,0.014,0.0,0.0,0.211,1,2.0,0
7.978,32.594,28.348,1.108,70.268,6,31.0,1
7.501,18.853,20.917,2.569,49.759,6,36.0,1
0.057,0.386,0.0,0.0,0.471,2,3.0,0
1.016,5.664,33.491,0.704,40.997,7,47.0,1
2.973,2.274,0.051,1.223,6.561,3,3.0,0
3.052,20.935,24.638,0.7,49.853,4,30.0,1
0.04,0.005,0.0,0.0,0.082,1,1.0,0
0.053,1.024,0.0,0.0,1.067,1,1.0,0
8.931,16.989,15.513,0.548,41.997,3,54.0,1
7.277,19.226,31.973,0.879,59.511,8,40.0,1
0.116,0.179,0.0,0.0,0.283,0,1.0,0
0.038,0.319,0.0,0.0,0.306,0,0.0,0
2.386,7.865,7.803,0.314,18.512,3,9.0,1
2.17,1.866,0.0,0.703,4.733,2,2.0,0
0.153,0.008,0.0,0.0,0.152,0,1.0,0
0.228,0.324,0.0,0.0,0.533,1,0.0,0
9.546,26.786,14.566,0.862,51.642,7,20.0,1
0.278,0.09,0.0,0.0,0.38,1,0.0,0
2.573,19.922,5.129,1.287,28.627,10,13.0,1
2.751,20.789,19.842,1.484,45.211,8,34.0,1
5.325,14.171,16.266,0.142,35.715,7,28.0,1
0.149,0.048,0.0,0.0,0.308,1,0.0,0
0.044,1.091,0.0,0.224,1.485,2,2.0,0
1.117,2.014,0.451,0.155,3.719,2,4.0,0
0.031,0.001,0.0,0.0,0.0,1,0.0,0
1.698,2.465,0.695,0.411,5.33,1,3.0,0
6.643,23.266,21.002,1.785,52.133,4,24.0,1
4.878,11.685,15.929,1.512,34.306,3,26.0,1
4.426,8.456,27.537,1.816,42.147,8,48.0,1
2.683,25.543,22.237,0.194,50.63,4,40.0,1
7.229,13.953,12.22,1.051,34.424,6,22.0,1
2.002,1.487,0.0,0.267,3.796,1,4.0,0
0.366,0.748,0.0,0.0,1.159,2,1.0,0
0.146,1.169,0.0,0.197,1.578,1,3.0,0
6.023,20.957,14.301,1.838,43.303,4,46.0,1
1.693,7.874,6.574,0.361,16.738,6,8.0,1
3.343,4.461,33.835,1.913,43.306,2,24.0,1
2.575,30.761,31.932,0.648,65.576,3,32.0,1
0.718,0.557,0.0,0.678,1.988,2,3.0,0
2.93,12.205,20.481,1.05,36.544,5,37.0,1
1.108,11.174,38.183,0.149,50.716,4,44.0,1
6.613,16.602,12.72,1.367,37.186,10,13.0,1
4.854,10.917,9.061,0.49,25.392,3,36.0,1
1.383,0.97,0.0,0.799,3.162,2,5.0,0
0.278,0.574,0.0,0.0,0.866,1,3.0,0
0.008,0.04,0.0,0.0,0.07,1,0.0,0
6.125,33.09,8.784,0.86,49.255,4,17.0,1
1.018,17.337,13.055,0.246,31.577,5,42.0,1
0.277,1.035,0.0,0.0,1.322,2,1.0,0
2.616,5.227,4.446,0.866,13.056,6,10.0,1
5.103,16.213,21.292,0.227,42.657,8,38.0,1
3.275,1.782,0.688,0.228,5.982,1,3.0,0
0.019,0.248,0.0,0.0,0.28,1,1.0,0
5.649,16.551,11.467,1.557,35.261,5,16.0,1
8.84,9.238,15.603,2.085,35.937,3,41.0,1
2.198,20.929,17.325,0.204,40.679,8,27.0,1
7.173,18.172,15.539,0.729,41.363,6,53.0,1
0.087,0.046,0.0,0.0,0.061,0,0.0,0
6.53,21.324,17.389,0.741,46.095,8,23.0,1
0.046,0.005,0.0,0.0,0.003,1,0.0,0
6.739,8.859,31.517,1.828,48.948,4,19.0,1
1.575,5.539,5.817,0.078,12.92,5,15.0,1
7.056,9.42,13.734,3.482,33.542,9,39.0,1
2.212,0.986,0.0,0.269,3.41,1,4.0,0
1.641,1.263,0.101,0.222,3.3,1,5.0,0
0.121,0.051,0.088,0.0,0.384,0,0.0,0
0.233,0.493,0.0,0.0,0.71,1,3.0,0
0.028,0.897,0.283,0.0,1.266,1,2.0,0
6.177,16.7,10.89,1.441,35.504,10,24.0,1
0.069,0.026,0.045,0.086,0.158,0,0.0,0
2.265,1.356,0.0,0.638,4.194,2,3.0,0
8.818,15.038,34.456,0.894,59.27,6,17.0,1
3.581,9.291,8.696,1.795,23.498,10,23.0,1
0.047,0.51,0.0,0.0,0.607,2,2.0,0
2.789,22.878,10.265,1.255,37.022,6,43.0,1
3.187,24.587,21.371,2.681,51.972,8,58.0,1
4.348,22.003,34.329,2.132,62.698,6,41.0,1
9.767,12.671,16.9,1.257,40.839,4,58.0,1
5.97,14.346,26.518,0.896,47.881,6,33.0,1
0.293,0.44,0.0,0.0,0.773,2,1.0,0
0.03,0.011,0.0,0.0,0.0,0,0.0,0
0.03,0.082,0.0,0.0,0.07,0,0.0,0
0.24,1.095,0.0,0.0,1.37,2,3.0,0
5.241,29.812,18.935,1.665,55.476,6,28.0,1
0.061,0.244,0.0,0.0,0.267,1,0.0,0
0.254,0.708,0.0,0.0,0.998,2,3.0,0
0.407,0.409,0.0,0.0,0.837,1,1.0,0
8.092,34.459,23.096,1.032,66.591,8,58.0,1
3.873,17.292,19.691,0.632,41.417,5,35.0,1
1.892,0.697,0.0,0.322,2.842,2,4.0,0
0.766,1.939,0.0,0.384,3.066,2,2.0,0
3.377,28.217,17.874,2.644,52.223,6,31.0,1
2.978,14.427,33.541,0.728,52.005,5,39.0,1
3.086,7.681,5.235,0.139,15.99,6,13.0,1
2.956,3.55,0.09,0.955,7.587,1,7.0,0
1.066,8.858,6.902,0.625,17.267,3,14.0,1
0.281,0.923,0.0,0.0,1.195,2,3.0,0
3.49,18.63,6.238,0.731,29.071,4,36.0,1
9.277,26.895,21.641,2.863,60.988,5,51.0,1
0.023,0.986,0.141,0.146,1.361,2,3.0,0
1.44,0.576,0.0,0.73,2.799,2,5.0,0
2.796,4.661,7.093,0.238,14.89,6,17.0,1
7.8,13.007,11.07,3.193,35.16,9,16.0,1
1.465,0.629,0.0,0.423,2.511,1,4.0,0
0.077,0.221,0.0,0.0,0.28,0,0.0,0
3.687,10.525,18.749,1.536,34.412,7,51.0,1
3.247,28.273,25.681,0.758,57.525,5,47.0,1
0.385,0.579,0.0,0.0,1.034,1,1.0,0
0.052,0.021,0.0,0.0,0.122,0,0.0,0
0.145,0.037,0.0,0.0,0.177,0,0.0,0
0.045,0.936,0.0,0.044,1.028,1,1.0,0
0.039,0.196,0.0,0.068,0.341,0,0.0,0
0.305,0.961,0.0,0.0,1.261,2,2.0,0
2.946,2.192,0.142,0.413,5.725,2,6.0,0
2.792,4.126,4.685,0.182,11.651,4,11.0,1
0.164,1.168,0.0,0.0,1.424,1,2.0,0
0.805,1.697,0.0,0.422,2.954,1,5.0,0
0.058,0.465,0.0,0.0,0.647,0,0.0,0
1.19,6.268,7.831,0.971,16.256,4,16.0,1
1.476,6.481,8.059,0.475,16.415,4,13.0,1
0.395,0.581,0.0,0.0,0.927,2,2.0,0
3.28,5.701,7.713,0.338,17.067,4,7.0,1
2.296,7.241,11.53,0.214,21.15,5,38.0,1
0.897,1.968,0.0,0.555,3.459,2,3.0,0
3.703,4.051,0.009,1.389,9.204,2,7.0,0
0.006,0.077,0.0,0.0,0.084,1,0.0,0
1.781,13.847,36.874,1.132,53.474,7,22.0,1
0.064,0.032,0.0,0.0,0.043,1,0.0,0
4.302,2.224,0.219,1.289,7.967,2,6.0,0
1.496,16.957,20.12,1.051,39.644,7,22.0,1
0.006,0.282,0.0,0.0,0.312,0,0.0,0
2.795,2.765,0.72,0.111,6.441,3,6.0,0
0.112,0.081,0.0,0.0,0.159,1,0.0,0
1.595,2.577,0.471,0.048,4.643,2,6.0,0
0.017,0.257,0.0,0.0,0.241,1,2.0,0
2.802,23.798,11.977,2.287,40.558,5,38.0,1
5.04,33.087,19.856,2.031,60.06,3,24.0,1
2.632,21.252,16.209,2.188,42.02,4,26.0,1
2.085,12.988,22.837,0.067,38.077,3,46.0,1
4.862,7.058,5.737,3.068,20.661,12,35.0,1
4.815,31.14,20.117,2.728,58.684,8,51.0,1
1.656,1.159,0.0,0.381,3.143,2,3.0,0
0.184,0.002,0.0,0.0,0.283,1,0.0,0
0.698,0.529,0.004,0.444,1.701,1,5.0,0
8.515,29.961,33.003,1.127,72.415,6,57.0,1
6.807,25.02,20.339,2.939,55.072,8,28.0,1
0.145,0.226,0.0,0.0,0.389,2,2.0,0
3.552,2.989,0.319,0.728,7.703,1,3.0,0
1.066,2.191,0.389,0.612,4.251,3,4.0,0
5.736,22.753,15.321,0.836,44.323,8,16.0,1
0.102,0.124,0.0,0.0,0.231,0,0.0,0
6.442,21.118,32.62,2.647,62.776,3,21.0,1
4.836,23.228,19.329,2.801,50.19,6,29.0,1
3.25,10.893,34.445,2.571,50.989,4,35.0,1
2.303,4.4,7.217,0.993,14.904,5,8.0,1
0.295,0.605,0.328,0.0,1.256,1,2.0,0
0.371,1.069,0.0,0.101,1.565,1,3.0,0
4.144,4.057,0.446,0.291,8.902,2,6.0,0
7.415,21.227,15.133,3.285,47.258,4,44.0,1
3.083,13.194,18.364,0.754,35.553,11,23.0,1
0.219,0.772,0.0,0.0,1.014,2,3.0,0
2.82,3.555,6.447,0.601,13.316,4,15.0,1
2.33,10.092,14.32,0.488,27.604,5,17.0,1
3.416,1.553,0.748,0.324,6.005,1,6.0,0
0.665,1.555,0.0,0.197,2.37,2,4.0,0
2.208,4.345,29.869,1.31,37.794,5,43.0,1
0.341,0.594,0.169,0.0,1.099,2,3.0,0
2.556,6.887,7.071,0.669,17.288,3,9.0,1
3.853,32.797,31.959,0.349,68.722,3,39.0,1
8.491,15.371,19.296,2.501,45.609,5,55.0,1
1.719,5.311,3.472,0.054,10.382,3,15.0,1
2.186,9.453,24.602,0.593,36.848,6,51.0,1
0.994,8.276,3.833,0.566,13.587,4,8.0,1
0.896,7.398,3.306,0.942,12.183,5,10.0,1
0.35,0.48,0.0,0.0,0.835,1,2.0,0
2.448,6.611,3.155,0.599,12.537,4,17.0,1
4.346,8.35,6.652,3.843,23.126,12,17.0,1
2.205,1.794,0.0,0.427,4.373,2,2.0,0
4.268,16.638,14.62,1.008,36.473,7,39.0,1
5.68,9.355,10.666,3.815,29.685,12,16.0,1
5.475,6.836,16.718,2.532,31.516,5,30.0,1
6.439,9.79,21.204,2.663,39.998,7,24.0,1
5.284,23.891,15.519,0.854,45.496,5,28.0,1
3.564,13.513,19.771,1.5,38.267,5,33.0,1
0.023,0.063,0.0,0.0,0.064,1,0.0,0
0.155,0.085,0.0,0.0,0.18,1,1.0,0
0.143,0.75,0.264,0.0,1.243,1,1.0,0
0.041,0.024,0.0,0.0,0.077,0,0.0,0
8.19,9.074,12.578,0.847,30.756,8,44.0,1
6.064,12.088,13.107,3.351,34.597,8,26.0,1
0.009,0.052,0.0,0.0,0.085,0,1.0,0
0.06,0.505,0.0,0.0,0.583,1,3.0,0
5.573,24.254,27.897,2.434,59.99,3,54.0,1
0.861,7.088,6.407,0.706,14.579,5,12.0,1
4.244,16.873,12.215,3.634,37.139,11,22.0,1
0.163,0.086,0.0,0.0,0.22,1,1.0,0
1.752,4.505,0.425,0.74,7.537,1,5.0,0
6.866,13.695,8.541,1.168,30.35,7,47.0,1
1.27,0.906,0.0,0.413,2.554,2,5.0,0
1.985,1.814,0.15,0.136,4.044,1,5.0,0
5.676,11.394,12.256,0.538,30.028,7,34.0,1
1.162,2.214,0.207,0.466,4.017,1,3.0,0
0.063,0.425,0.0,0.0,0.484,0,0.0,0
2.058,1.792,0.741,0.191,4.825,3,2.0,0
0.052,0.415,0.0,0.0,0.399,1,1.0,0
0.009,0.135,0.0,0.0,0.258,0,0.0,0
7.819,16.086,9.116,3.677,37.057,11,41.0,1
2.21,3.305,0.364,1.326,7.373,2,3.0,0
3.679,6.007,30.929,1.989,42.278,5,42.0,1
7.191,26.21,17.767,2.202,53.612,6,49.0,1
0.002,0.268,0.0,0.0,0.196,1,1.0,0
4.255,25.998,22.154,1.072,53.587,8,30.0,1
6.667,30.436,24.743,1.156,63.028,3,53.0,1
6.045,7.158,8.509,2.055,23.762,9,35.0,1
9.765,32.305,34.854,0.115,77.042,5,23.0,1
4.989,31.249,18.0,1.752,56.022,5,19.0,1
3.857,29.86,26.694,2.669,63.094,4,25.0,1
1.44,0.669,0.0,0.609,2.744,2,2.0,0
4.789,21.157,16.819,0.817,43.396,5,36.0,1
0.225,0.459,0.0,0.0,0.694,2,3.0,0
3.837,8.505,26.642,0.785,39.678,3,20.0,1
6.501,26.294,19.428,2.688,54.687,3,20.0,1
4.441,6.198,15.706,1.506,27.659,6,19.0,1
7.556,29.402,11.892,1.259,49.844,7,51.0,1
4.328,20.734,5.896,3.265,34.595,7,24.0,1
0.009,0.617,0.0,0.0,0.574,2,3.0,0
9.647,21.986,19.267,2.866,53.481,7,59.0,1
5.236,31.575,17.712,1.299,55.846,6,39.0,1
2.806,4.687,35.312,1.748,44.579,3,38.0,1
4.982,9.17,24.95,1.053,40.129,7,20.0,1
2.042,4.03,0.334,1.247,7.687,3,3.0,0
7.8,9.495,7.603,0.875,26.029,10,42.0,1
2.571,4.097,7.011,0.649,14.372,5,11.0,1
6.868,26.532,20.173,1.894,55.688,6,46.0,1
2.982,8.144,5.835,0.236,16.94,3,7.0,1
0.386,0.873,0.0,0.081,1.351,1,3.0,0
0.384,1.051,0.0,0.0,1.509,1,3.0,0
4.386,2.685,0.182,1.242,8.453,1,3.0,0
1.95,4.603,0.089,0.953,7.635,1,5.0,0
9.164,24.642,29.094,2.947,65.751,7,23.0,1
0.212,1.041,0.0,0.0,1.203,2,2.0,0
5.515,27.273,28.976,1.56,63.224,8,45.0,1
6.218,10.383,17.44,1.712,35.634,11,31.0,1
3.929,23.317,29.614,0.431,57.483,8,20.0,1
5.111,9.342,25.928,2.112,42.067,7,34.0,1
1.927,5.82,5.036,0.026,12.901,6,7.0,1
5.545,6.611,13.871,3.326,29.433,6,28.0,1
3.414,7.405,5.314,0.941,17.425,5,12.0,1
0.212,0.066,0.0,0.0,0.248,0,0.0,0
7.101,12.34,12.106,0.559,32.235,8,25.0,1
0.11,0.641,0.0,0.282,1.027,2,1.0,0
1.243,2.492,0.171,0.249,4.173,3,4.0,0
0.28,0.011,0.0,0.0,0.306,0,0.0,0
0.068,0.741,0.0,0.0,0.848,2,3.0,0
0.006,0.134,0.0,0.0,0.175,1,0.0,0
3.015,13.819,20.089,3.612,40.767,7,39.0,1
4.399,14.52,22.743,0.819,42.458,7,25.0,1
2.253,12.52,14.717,3.227,32.725,10,42.0,1
0.278,0.573,0.0,0.062,0.992,2,2.0,0
7.461,23.012,20.143,2.96,53.417,10,16.0,1
0.012,0.073,0.0,0.0,0.128,1,0.0,0
2.069,15.343,20.011,1.44,38.835,5,36.0,1
4.553,19.03,27.453,0.034,51.083,4,48.0,1
3.094,8.681,8.411,0.37,20.176,4,17.0,1
0.01,0.081,0.0,0.0,0.041,1,1.0,0
0.356,1.068,0.0,0.0,1.417,1,2.0,0
1.472,6.693,6.393,0.209,14.636,4,7.0,1
0.043,0.265,0.0,0.0,0.363,0,1.0,0
3.488,23.996,10.686,1.915,40.299,8,30.0,1
2.372,6.433,20.942,1.496,31.207,10,38.0,1
3.446,7.654,4.82,0.589,16.544,4,17.0,1
2.622,14.053,14.523,0.344,31.131,2,17.0,1
0.299,0.951,0.0,0.0,1.222,2,1.0,0
2.97,3.958,3.312,0.044,10.252,4,15.0,1
1.935,0.751,0.0,0.635,3.39,1,3.0,0
5.506,30.006,33.199,1.137,69.811,5,26.0,1
0.003,0.007,0.0,0.0,0.015,0,0.0,0
1.917,10.498,21.435,1.524,35.633,3,34.0,1
0.214,0.395,0.0,0.0,0.604,1,1.0,0
3.456,1.484,0.772,0.471,6.233,2,2.0,0
7.383,26.737,13.496,1.825,49.57,4,20.0,1
3.463,4.316,0.086,0.764,8.636,1,7.0,0
0.28,1.136,0.0,0.0,1.297,2,3.0,0
5.262,15.323,14.206,0.432,35.41,6,26.0,1
0.187,0.609,0.0,0.0,0.776,1,2.0,0
3.246,7.05,20.037,1.719,32.054,11,30.0,1
0.33,0.48,0.296,0.0,1.051,2,2.0,0
1.287,5.624,6.257,0.319,13.308,3,13.0,1
5.971,12.48,20.866,0.874,40.117,4,54.0,1
0.247,0.69,0.0,0.0,1.02,1,2.0,0
3.149,1.762,0.07,0.974,5.949,3,6.0,0
2.706,14.311,27.169,0.593,44.701,5,22.0,1
7.911,34.813,14.193,0.582,57.272,7,37.0,1
2.486,10.181,8.163,3.655,24.609,12,19.0,1
0.167,0.068,0.0,0.0,0.175,1,1.0,0
2.576,19.454,13.87,3.752,39.777,8,36.0,1
7.455,20.282,21.773,1.776,50.841,11,30.0,1
0.283,0.23,0.0,0.0,0.49,2,3.0,0
4.946,14.795,32.988,2.518,55.367,7,40.0,1
3.694,2.008,0.049,1.106,6.851,3,4.0,0
7.537,16.075,20.002,2.334,45.496,5,30.0,1
6.346,19.652,14.874,3.993,45.062,9,33.0,1
6.361,23.143,17.497,0.848,47.498,4,42.0,1
0.176,0.16,0.0,0.0,0.32,0,0.0,0
5.707,11.805,13.098,2.65,33.288,4,17.0,1
0.161,0.057,0.0,0.0,0.23,0,0.0,0
4.563,19.214,19.812,3.721,47.421,10,27.0,1
7.197,34.334,25.121,0.495,67.181,3,57.0,1
0.601,1.824,0.0,0.463,3.016,2,4.0,0
0.196,0.528,0.0,0.0,0.832,2,3.0,0
1.342,5.648,36.634,1.059,44.838,2,38.0,1
5.829,20.953,24.046,2.04,52.857,8,22.0,1
1.591,8.672,31.245,0.02,41.325,7,29.0,1
6.558,18.132,18.13,1.903,44.748,7,32.0,1
0.254,1.011,0.0,0.0,1.297,2,3.0,0
1.283,0.528,0.0,0.733,2.493,1,5.0,0
0.153,0.184,0.0,0.0,0.283,0,1.0,0
0.03,0.057,0.0,0.0,0.213,1,0.0,0
0.455,0.204,0.0,0.0,0.694,0,0.0,0
2.591,8.6,16.11,0.84,28.291,7,19.0,1
2.66,5.409,5.072,0.214,13.424,4,10.0,1
8.781,29.435,27.942,2.941,69.249,5,44.0,1
3.233,2.625,0.253,0.558,6.649,3,3.0,0
1.023,5.587,7.603,0.656,15.126,3,16.0,1
3.149,18.7,13.326,1.345,36.573,4,18.0,1
2.652,8.368,7.296,0.335,18.592,4,16.0,1
4.078,13.396,31.268,1.403,50.135,4,37.0,1
2.784,2.848,0.101,0.437,6.102,2,3.0,0
5.0,14.815,15.208,3.698,38.875,9,34.0,1
7.816,17.847,17.749,3.297,46.533,5,22.0,1
0.001,0.699,0.0,0.0,0.834,1,3.0,0
1.586,1.744,0.0,0.429,3.719,1,5.0,0
0.058,0.011,0.0,0.0,0.118,0,0.0,0
3.653,17.068,7.157,3.528,31.339,12,24.0,1
5.058,21.064,22.957,1.104,49.975,7,42.0,1
4.863,16.974,19.175,3.952,45.205,11,38.0,1
4.314,1.633,0.436,1.257,7.548,2,3.0,0
0.105,0.679,0.0,0.0,0.869,1,2.0,0
2.181,3.549,0.056,0.467,6.224,2,5.0,0
2.848,12.056,7.653,0.436,22.795,9,31.0,1
7.078,24.323,21.942,1.254,54.459,7,16.0,1
9.931,10.888,33.309,1.758,56.137,3,40.0,1
1.239,4.562,4.31,0.652,10.691,5,12.0,1
4.188,17.841,26.087,0.032,47.748,4,22.0,1
4.183,13.212,15.446,0.642,33.781,5,47.0,1
5.043,12.036,17.812,2.302,37.11,6,52.0,1
5.691,12.258,5.752,0.752,24.356,7,28.0,1
7.01,26.619,9.649,2.103,45.467,6,52.0,1
0.325,1.154,0.0,0.0,1.356,1,1.0,0
3.393,9.901,31.956,0.976,45.911,6,37.0,1
0.269,0.95,0.0,0.0,1.173,2,2.0,0
0.008,0.503,0.0,0.0,0.513,1,0.0,0
0.264,0.814,0.0,0.0,1.117,1,2.0,0
4.048,11.837,16.68,1.471,34.424,8,50.0,1
2.701,2.613,0.748,0.165,6.219,2,4.0,0
0.835,1.089,0.0,0.457,2.4,1,5.0,0
7.007,20.509,24.974,0.629,53.315,5,53.0,1
0.288,0.6,0.0,0.0,0.952,1,2.0,0
2.859,24.175,24.684,0.178,52.076,3,27.0,1
2.287,1.207,0.0,0.229,3.663,2,3.0,0
2.874,18.245,32.955,2.325,56.477,3,22.0,1
1.048,4.187,0.084,1.358,6.691,1,3.0,0
3.468,1.954,0.362,0.435,6.243,1,3.0,0
2.352,22.097,13.414,1.513,39.377,7,18.0,1
0.018,0.426,0.0,0.0,0.482,1,0.0,0
3.728,4.66,0.231,0.585,9.261,3,5.0,0
1.818,0.894,0.0,0.498,3.184,2,5.0,0
2.583,5.923,15.944,0.306,24.658,7,22.0,1
6.641,17.049,31.311,0.77,55.84,5,18.0,1
6.143,13.38,25.08,1.462,46.193,4,42.0,1
0.31,0.326,0.0,0.0,0.624,1,1.0,0
2.242,13.218,33.022,2.322,51.067,3,28.0,1
1.174,1.084,0.157,0.476,2.953,3,2.0,0
7.368,12.502,22.533,2.266,44.895,4,30.0,1
2.304,3.612,0.231,0.737,6.844,1,3.0,0
4.45,22.793,19.445,3.21,50.143,6,37.0,1
0.516,1.257,0.0,0.588,2.337,2,2.0,0
4.072,18.296,34.953,1.176,58.483,7,15.0,1
0.286,0.736,0.0,0.0,1.126,1,3.0,0
4.261,16.745,29.653,0.855,52.089,4,34.0,1
0.003,0.078,0.0,0.0,0.091,0,0.0,0
6.413,33.321,34.795,1.457,76.104,7,20.0,1
0.118,0.024,0.0,0.0,0.065,0,0.0,0
0.4,0.031,0.0,0.0,0.517,0,0.0,0
3.049,1.191,0.7,0.324,5.232,2,6.0,0
0.237,0.368,0.0,0.0,0.662,1,0.0,0
2.115,2.218,0.442,1.238,6.09,3,3.0,0
1.908,1.219,0.0,0.3,3.396,1,4.0,0
2.403,4.921,0.425,1.154,8.904,1,7.0,0
3.981,3.574,0.06,1.219,8.823,1,6.0,0
0.06,0.167,0.0,0.0,0.248,0,0.0,0
0.112,0.076,0.0,0.0,0.27,1,0.0,0
3.346,21.117,19.182,2.984,46.941,4,50.0,1
2.654,13.482,13.449,0.901,30.294,6,47.0,1
0.009,0.062,0.0,0.112,0.223,1,0.0,0
7.721,6.027,21.838,1.341,36.735,11,37.0,1
7.072,15.484,14.179,2.023,38.922,4,32.0,1
9.586,8.87,30.751,2.446,52.199,8,46.0,1
6.739,18.936,6.961,0.236,32.997,4,22.0,1
4.671,20.414,11.969,1.942,38.997,9,33.0,1
2.953,2.21,0.55,0.157,5.891,2,2.0,0
5.912,28.744,16.703,1.98,53.069,4,42.0,1
0.064,0.064,0.0,0.0,0.183,0,0.0,0
2.425,7.747,7.426,0.367,18.492,3,15.0,1
3.452,1.96,0.075,0.576,6.032,2,3.0,0
2.851,2.168,0.332,0.188,5.527,2,6.0,0
1.804,4.885,3.01,0.593,10.299,3,9.0,1
2.184,4.758,38.849,0.089,45.744,2,41.0,1
0.103,0.218,0.0,0.0,0.386,1,0.0,0
9.951,30.562,18.813,2.178,61.511,8,55.0,1
0.025,0.17,0.0,0.0,0.161,1,0.0,0
2.463,6.026,6.933,0.785,16.094,3,12.0,1
5.135,25.489,12.059,1.34,44.128,8,15.0,1
2.164,1.075,0.0,0.567,3.735,2,4.0,0
7.8,15.979,14.329,2.562,40.644,8,55.0,1
3.411,5.695,4.778,0.371,14.305,3,16.0,1
0.849,1.828,0.0,0.639,3.3,2,2.0,0
4.407,4.298,0.463,0.431,9.619,2,5.0,0
4.362,17.641,18.798,2.764,43.524,12,31.0,1
0.395,0.563,0.0,0.0,0.952,2,2.0,0
1.701,5.109,7.605,0.402,14.608,6,12.0,1
3.673,4.449,0.156,1.168,9.43,1,3.0,0
3.031,7.517,7.734,0.23,18.127,6,10.0,1
7.081,23.489,9.087,2.549,42.034,5,44.0,1
2.212,2.611,0.023,0.49,5.332,3,4.0,0
2.012,1.657,0.137,0.623,4.435,2,2.0,0
0.066,0.117,0.0,0.0,0.131,1,0.0,0
5.563,6.272,17.223,3.047,32.13,9,26.0,1
4.178,8.775,8.281,0.719,22.272,6,30.0,1
0.003,0.179,0.0,0.0,0.258,1,0.0,0
1.368,2.652,0.42,0.073,4.491,1,5.0,0
7.411,27.704,33.524,1.944,70.481,3,17.0,1
0.039,0.06,0.0,0.0,0.237,1,0.0,0
8.629,19.944,24.496,1.017,54.028,5,31.0,1
0.038,0.027,0.0,0.0,0.004,1,2.0,0
1.269,1.09,0.0,0.631,2.988,1,4.0,0
0.319,0.152,0.0,0.0,0.436,0,0.0,0
7.509,11.839,20.523,1.05,40.988,11,17.0,1
3.664,4.28,10.298,0.807,19.013,6,45.0,1
0.021,0.147,0.0,0.0,0.155,1,1.0,0
4.04,10.041,39.507,1.725,55.648,4,29.0,1
7.823,27.385,33.07,0.284,68.668,5,34.0,1
2.31,14.333,7.533,0.567,24.392,9,21.0,1
1.979,1.1,0.0,0.574,3.573,1,4.0,0
4.496,13.334,10.67,1.512,29.933,6,29.0,1
1.651,1.823,0.0,0.352,3.926,2,5.0,0
7.335,25.763,33.089,2.167,68.653,5,21.0,1
0.03,1.213,0.0,0.0,1.236,1,0.0,0
5.527,23.516,21.482,0.79,51.263,8,26.0,1
1.665,1.803,0.0,0.772,4.244,1,4.0,0
0.326,0.916,0.0,0.0,1.3,1,1.0,0
1.932,5.864,38.818,0.905,47.147,7,27.0,1
3.663,4.426,0.103,1.419,9.596,3,7.0,0
0.394,0.917,0.0,0.0,1.352,2,3.0,0
1.768,2.963,0.419,0.22,5.329,2,3.0,0
2.303,2.568,0.312,1.457,6.718,2,4.0,0
1.46,4.138,0.218,0.231,6.073,3,7.0,0
2.093,8.601,3.637,0.355,14.401,6,13.0,1
1.665,8.694,6.345,0.229,16.965,4,12.0,1
1.342,8.388,4.775,0.89,15.32,6,13.0,1
4.795,10.942,16.018,2.268,34.04,8,43.0,1
0.241,0.943,0.0,0.0,1.121,2,1.0,0
5.177,24.046,11.637,2.601,43.811,4,36.0,1
0.051,0.075,0.0,0.0,0.113,1,0.0,0
5.033,29.055,16.969,0.28,51.46,3,52.0,1
6.059,15.145,14.002,1.469,36.839,10,28.0,1
0.785,1.107,0.0,0.462,2.342,1,3.0,0
0.873,1.926,0.249,0.335,3.419,1,4.0,0
1.943,3.355,0.159,1.122,6.568,1,4.0,0
1.18,1.794,0.523,0.127,3.598,3,5.0,0
0.202,0.356,0.0,0.0,0.533,2,1.0,0
0.04,0.404,0.192,0.0,0.721,1,2.0,0
3.749,3.297,0.471,1.246,8.732,3,4.0,0
1.892,7.219,3.323,0.474,12.877,4,12.0,1
0.006,0.165,0.0,0.0,0.167,0,0.0,0
9.358,19.652,21.098,2.116,52.266,8,57.0,1
0.093,0.073,0.0,0.0,0.186,0,0.0,0
4.029,9.341,19.822,0.742,34.031,2,23.0,1
0.172,0.058,0.0,0.0,0.274,0,1.0,0
1.137,7.555,7.472,0.737,16.807,3,12.0,1
5.367,18.172,12.273,3.158,38.806,9,38.0,1
1.659,7.103,5.506,0.235,14.281,6,16.0,1
2.89,14.096,15.2,0.022,32.153,4,20.0,1
8.938,27.427,22.954,2.494,61.872,8,19.0,1
3.419,32.397,21.238,2.283,59.269,7,32.0,1
2.994,2.203,0.145,1.172,6.404,3,4.0,0
0.016,0.012,0.0,0.0,0.04,0,0.0,0
0.038,0.108,0.0,0.0,0.108,1,1.0,0
1.05,1.317,0.192,0.361,2.95,1,6.0,0
0.142,0.22,0.0,0.271,0.698,1,3.0,0
1.862,3.913,0.485,0.873,7.155,3,7.0,0
0.06,0.297,0.0,0.0,0.326,0,0.0,0
7.904,27.046,13.866,2.8,52.075,8,41.0,1
2.045,4.938,5.405,0.034,12.354,4,17.0,1
0.15,0.086,0.0,0.0,0.266,0,1.0,0
0.314,0.992,0.0,0.0,1.393,1,1.0,0
1.676,1.778,0.316,1.148,4.928,1,3.0,0
7.37,10.029,12.935,0.598,31.274,7,23.0,1
7.414,13.84,16.799,1.116,39.456,5,21.0,1
0.057,0.002,0.0,0.101,0.227,0,0.0,0
4.319,30.289,21.412,0.661,56.645,3,56.0,1
8.011,13.026,20.849,2.382,44.257,5,44.0,1
0.051,0.024,0.0,0.0,0.044,1,0.0,0
1.777,1.894,0.496,0.507,4.651,3,6.0,0
0.733,1.373,0.0,0.292,2.4,1,2.0,0
2.264,1.45,0.0,0.242,3.988,1,3.0,0
1.579,7.416,7.3,0.587,17.051,5,10.0,1
0.024,0.141,0.0,0.0,0.219,1,1.0,0
7.952,10.189,10.105,1.086,29.279,8,31.0,1
3.062,3.321,0.05,1.177,7.615,2,4.0,0
1.596,5.477,5.711,0.223,13.178,4,13.0,1
0.087,0.543,0.0,0.0,0.504,1,0.0,0
0.134,0.01,0.0,0.0,0.146,1,0.0,0
0.004,0.175,0.0,0.0,0.163,1,0.0,0
6.046,22.804,34.303,1.762,64.949,5,59.0,1
9.723,13.159,8.0,2.503,33.28,8,23.0,1
3.994,2.042,0.448,0.442,6.908,3,4.0,0
1.16,2.42,0.457,0.651,4.607,1,6.0,0
4.04,14.684,32.351,0.964,51.75,8,18.0,1
1.969,3.346,0.146,1.137,6.622,1,5.0,0
4.286,3.972,0.323,1.08,9.642,2,6.0,0
0.005,0.087,0.104,0.0,0.142,0,0.0,0
0.087,0.012,0.0,0.0,0.138,1,0.0,0
8.023,23.283,33.214,0.455,65.07,3,29.0,1
1.153,1.577,0.538,0.365,3.681,2,4.0,0
4.519,11.754,13.139,1.772,31.62,2,18.0,1
3.089,6.482,4.758,0.138,14.452,5,11.0,1
7.829,15.729,10.246,2.67,36.467,7,31.0,1
1.48,3.974,6.596,0.541,12.424,3,14.0,1
6.871,31.321,21.394,0.814,60.341,4,44.0,1
0.397,0.637,0.0,0.184,1.164,2,3.0,0
0.133,0.006,0.06,0.0,0.234,0,0.0,0
5.824,26.34,10.015,0.439,42.642,8,46.0,1
0.044,0.001,0.0,0.0,0.088,0,1.0,0
1.273,14.609,14.531,1.503,31.579,2,30.0,1
0.221,0.628,0.0,0.0,0.856,1,3.0,0
9.622,29.278,34.439,2.624,76.303,3,34.0,1
0.051,0.767,0.0,0.0,0.799,1,2.0,0
2.81,15.234,7.233,2.304,27.622,12,39.0,1
7.351,14.021,9.557,3.309,34.275,9,26.0,1
7.466,8.278,10.387,2.05,28.237,5,30.0,1
3.858,13.002,27.451,1.515,46.076,3,15.0,1
0.038,1.192,0.0,0.0,1.229,1,1.0,0
8.7,22.219,10.245,0.661,41.72,5,33.0,1
0.199,0.017,0.0,0.0,0.183,1,0.0,0
0.05,0.011,0.0,0.0,0.094,0,0.0,0
4.855,30.577,30.852,0.262,66.521,4,37.0,1
0.227,0.439,0.0,0.0,0.753,1,3.0,0
0.008,0.148,0.0,0.0,0.195,1,1.0,0
0.17,0.527,0.0,0.0,0.706,1,3.0,0
3.964,4.045,0.165,0.216,8.285,3,4.0,0
0.196,0.597,0.0,0.0,0.767,2,2.0,0
0.057,0.062,0.0,0.0,0.07,0,0.0,0
1.18,3.805,7.21,0.216,12.241,5,7.0,1
0.014,0.161,0.0,0.0,0.162,0,0.0,0
2.122,1.419,0.0,0.34,3.826,1,4.0,0
0.052,0.008,0.0,0.0,0.024,1,2.0,0
2.697,24.466,17.862,2.038,46.813,8,18.0,1
0.13,0.235,0.0,0.096,0.421,1,1.0,0
3.667,5.574,25.545,1.575,36.447,4,29.0,1
7.371,26.5,20.635,0.195,54.702,8,27.0,1
4.137,7.067,26.261,0.11,37.449,4,40.0,1
0.104,0.744,0.376,0.0,1.173,2,2.0,0
4.219,24.958,24.654,1.858,55.898,6,39.0,1
3.073,15.761,20.548,3.459,42.616,4,18.0,1
1.071,0.731,0.0,0.262,2.113,1,4.0,0
0.133,0.183,0.0,0.0,0.26,0,1.0,0
5.747,17.51,21.193,0.289,44.843,5,37.0,1
2.395,1.761,0.0,0.194,4.301,1,4.0,0
2.118,2.015,0.278,1.238,5.672,2,4.0,0
0.249,0.3,0.0,0.0,0.569,2,2.0,0
7.244,25.238,26.984,2.404,62.051,7,50.0,1
0.282,0.99,0.0,0.0,1.185,2,1.0,0
0.021,0.057,0.0,0.0,0.122,0,0.0,0
4.17,17.148,29.963,0.765,51.956,5,49.0,1
0.051,0.222,0.0,0.0,0.331,2,3.0,0
8.434,27.898,22.495,2.774,61.44,3,18.0,1
1.092,1.759,0.0,0.6,3.404,2,5.0,0
0.316,0.214,0.0,0.009,0.556,2,1.0,0
0.094,0.234,0.323,0.0,0.71,2,2.0,0
0.135,0.193,0.0,0.0,0.407,0,0.0,0
1.015,1.305,0.0,0.766,3.069,1,3.0,0
2.28,15.749,32.957,0.852,51.82,3,42.0,1
7.02,17.755,16.522,2.72,44.258,6,19.0,1
2.712,3.101,0.319,0.406,6.551,2,5.0,0
0.308,0.815,0.0,0.0,1.129,2,2.0,0
8.791,10.291,29.82,1.895,50.756,3,40.0,1
3.659,13.325,13.202,2.735,32.807,4,43.0,1
2.037,2.743,0.77,0.396,5.976,1,3.0,0
6.75,13.857,19.579,0.303,40.289,4,37.0,1
0.169,0.49,0.0,0.0,0.688,2,3.0,0
4.064,12.004,27.747,1.425,45.391,8,19.0,1
2.321,3.836,0.197,0.45,6.704,2,4.0,0
9.977,30.365,21.247,1.525,63.424,4,53.0,1
3.413,22.9,10.494,0.042,36.893,7,58.0,1
3.374,3.129,0.343,0.409,7.207,1,4.0,0
0.119,0.66,0.0,0.0,0.728,2,3.0,0
0.109,1.128,0.0,0.0,1.22,2,3.0,0
0.643,1.177,0.0,0.749,2.512,1,3.0,0
1.656,4.224,6.732,0.51,13.229,5,9.0,1
8.548,8.069,25.556,0.603,42.645,3,22.0,1
3.518,21.786,11.905,2.308,39.501,4,53.0,1
0.246,0.438,0.0,0.0,0.636,1,2.0,0
3.747,2.023,0.32,0.616,6.668,3,4.0,0
3.218,9.108,33.702,1.425,47.272,7,39.0,1
3.237,3.262,0.147,1.495,8.161,1,3.0,0
4.558,26.184,22.85,1.084,54.895,3,23.0,1
0.038,0.252,0.0,0.0,0.324,0,0.0,0
5.055,11.501,17.697,0.234,34.704,8,50.0,1
6.417,16.178,13.276,2.593,38.54,11,29.0,1
2.349,22.306,19.92,1.539,45.834,7,30.0,1
0.259,0.901,0.0,0.0,1.133,1,3.0,0
4.453,23.963,5.567,2.945,37.087,10,44.0,1
7.589,20.442,5.673,3.978,37.691,6,32.0,1
1.924,3.768,7.748,0.345,13.58,3,15.0,1
1.888,2.282,0.188,0.055,4.346,3,2.0,0
0.115,0.065,0.0,0.0,0.102,0,1.0,0
4.315,17.055,18.618,2.007,42.116,6,12.0,1
3.214,3.04,0.332,1.385,8.019,3,3.0,0
1.917,1.152,0.114,0.082,3.334,2,3.0,0
0.084,0.057,0.0,0.0,0.21,1,1.0,0
9.282,33.105,8.9,0.576,51.78,5,38.0,1
6.111,23.876,5.123,2.04,37.13,5,38.0,1
2.909,19.399,13.828,3.343,39.687,11,44.0,1
0.198,0.565,0.0,0.0,0.726,0,1.0,0
2.416,34.862,20.794,1.081,58.964,4,36.0,1
0.054,0.144,0.0,0.0,0.286,0,0.0,0
5.175,6.741,18.829,0.756,31.685,11,19.0,1
6.416,33.635,12.351,0.706,53.434,8,19.0,1
4.098,4.615,0.082,0.713,9.451,3,5.0,0
6.838,21.306,20.492,0.934,49.477,3,57.0,1
0.026,0.609,0.0,0.0,0.653,2,2.0,0
0.031,0.081,0.0,0.0,0.102,0,1.0,0
0.224,0.061,0.0,0.0,0.294,1,0.0,0
1.43,8.227,3.614,0.313,14.028,3,11.0,1
0.086,0.86,0.0,0.0,0.883,0,1.0,0
0.236,0.193,0.0,0.0,0.435,0,0.0,0
0.156,1.093,0.0,0.0,1.204,1,3.0,0
9.402,33.26,27.31,0.18,70.591,6,55.0,1
2.395,5.352,4.656,0.569,12.821,6,16.0,1
5.298,16.117,15.958,2.756,39.869,5,21.0,1
7.673,8.247,8.373,1.824,25.785,11,32.0,1
2.406,11.86,11.749,0.207,26.091,2,42.0,1
2.132,1.337,0.0,0.427,3.924,1,4.0,0
0.252,0.008,0.0,0.18,0.515,1,1.0,0
8.165,12.727,9.748,2.064,32.745,8,15.0,1
3.172,3.748,0.134,0.896,8.067,2,5.0,0
0.1,0.067,0.0,0.0,0.154,0,0.0,0
0.149,0.331,0.0,0.0,0.439,1,0.0,0
1.211,7.344,3.988,0.69,13.29,4,7.0,1
2.617,7.551,4.588,0.353,14.93,4,14.0,1
1.257,1.707,0.0,0.191,3.189,1,5.0,0
0.092,0.267,0.0,0.0,0.195,1,1.0,0
2.404,0.883,0.0,0.607,3.826,1,4.0,0
4.934,7.873,12.843,1.614,27.46,6,22.0,1
0.043,0.258,0.0,0.0,0.359,1,0.0,0
0.032,0.24,0.0,0.0,0.293,1,1.0,0
5.323,11.175,10.748,2.376,29.939,8,37.0,1
2.006,1.149,0.271,0.368,3.787,2,4.0,0
0.012,0.544,0.326,0.0,0.879,1,1.0,0
7.928,16.508,8.321,1.967,34.879,7,30.0,1
5.625,21.196,31.271,0.09,57.866,3,30.0,1
3.241,34.757,30.16,2.215,70.469,6,27.0,1
0.137,1.177,0.0,0.0,1.323,1,3.0,0
0.915,0.79,0.0,0.458,2.094,2,2.0,0
3.231,20.291,11.261,0.71,35.515,4,13.0,1
5.623,12.731,20.964,3.513,42.665,9,30.0,1
0.201,0.074,0.0,0.0,0.3,1,2.0,0
3.46,1.285,0.418,0.439,5.61,1,3.0,0
0.154,0.338,0.0,0.0,0.519,1,0.0,0
2.274,4.211,0.275,0.753,7.554,1,4.0,0
0.181,0.267,0.0,0.0,0.399,2,2.0,0
0.644,1.359,0.0,0.647,2.646,2,5.0,0
0.198,0.697,0.0,0.0,0.88,1,3.0,0
0.006,0.018,0.0,0.0,0.034,0,0.0,0
1.088,3.643,7.315,0.9,12.686,4,17.0,1
0.068,0.023,0.0,0.0,0.131,0,1.0,0
7.436,17.655,18.75,1.715,45.509,5,38.0,1
8.515,28.73,33.752,0.087,70.857,5,50.0,1
0.907,7.196,3.656,0.637,12.395,5,16.0,1
7.105,12.0,31.73,1.236,51.646,5,38.0,1
9.859,15.315,15.161,0.029,40.451,8,50.0,1
6.781,12.844,26.734,1.234,47.75,4,38.0,1
4.872,22.846,13.36,0.954,41.968,9,23.0,1
0.399,0.569,0.0,0.0,0.921,2,3.0,0
0.045,0.128,0.0,0.0,0.226,0,0.0,0
2.146,1.775,0.031,0.246,4.153,1,6.0,0
0.183,0.65,0.0,0.0,0.833,2,3.0,0
7.443,26.503,18.01,2.662,54.8,7,42.0,1
0.404,0.19,0.0,0.0,0.69,0,1.0,0
3.105,6.774,6.399,0.717,17.397,6,8.0,1
0.117,0.591,0.0,0.001,0.682,1,3.0,0
1.001,16.021,22.472,1.497,40.808,2,19.0,1
3.322,8.87,6.487,0.916,19.532,6,17.0,1
0.114,0.866,0.0,0.0,0.937,2,2.0,0
7.397,15.655,17.705,0.537,41.675,7,43.0,1
0.018,0.031,0.0,0.0,0.0,0,0.0,0
9.141,13.529,11.139,0.808,34.56,3,50.0,1
1.548,0.904,0.0,0.778,3.21,1,3.0,0
2.688,16.212,39.021,0.846,58.415,2,15.0,1
0.106,1.116,0.0,0.0,1.204,2,1.0,0
4.251,8.208,33.169,0.417,46.01,5,39.0,1
1.284,4.059,6.845,0.79,13.062,4,8.0,1
0.037,0.278,0.0,0.0,0.272,0,0.0,0
4.25,4.391,0.184,0.772,9.559,3,7.0,0
4.024,7.482,21.003,2.164,34.599,4,40.0,1
1.73,4.693,3.828,0.679,10.971,6,16.0,1
0.295,0.042,0.0,0.0,0.381,0,0.0,0
1.922,1.44,0.484,0.435,4.33,2,2.0,0
1.743,2.813,0.716,0.21,5.503,2,5.0,0
2.522,7.882,4.022,0.159,14.947,3,8.0,1
3.364,10.912,32.101,2.328,48.631,6,45.0,1
0.917,4.71,6.038,0.757,12.754,3,11.0,1
0.414,0.039,0.0,0.0,0.354,1,0.0,0
0.66,1.178,0.0,0.148,1.953,1,5.0,0
6.441,16.567,10.699,3.635,37.453,5,41.0,1
0.26,0.033,0.0,0.0,0.253,0,0.0,0
4.477,25.54,16.773,1.377,48.465,3,37.0,1
5.245,9.958,10.625,1.399,27.745,6,20.0,1
1.273,2.56,0.482,0.325,4.631,2,5.0,0
0.038,0.135,0.0,0.0,0.247,1,1.0,0
3.034,23.195,16.027,2.016,44.505,5,41.0,1
0.345,1.166,0.307,0.0,1.776,2,1.0,0
2.815,16.074,21.207,1.564,41.409,3,26.0,1
0.737,1.937,0.0,0.175,2.929,1,5.0,0
0.303,0.571,0.0,0.0,0.872,1,2.0,0
1.308,5.197,6.888,0.08,13.588,6,10.0,1
0.186,0.474,0.0,0.0,0.75,2,1.0,0
0.844,5.466,3.974,0.044,10.327,3,11.0,1
5.185,23.023,13.382,2.049,43.566,7,16.0,1
2.382,2.576,0.494,0.318,5.764,3,3.0,0
5.82,15.179,34.105,0.821,55.729,5,28.0,1
1.347,5.378,7.815,0.335,14.941,3,8.0,1
0.309,0.031,0.0,0.0,0.31,0,0.0,0
9.853,29.458,20.647,2.859,63.046,8,38.0,1
4.464,1.735,0.046,1.076,7.294,3,3.0,0
2.348,2.139,0.37,0.905,5.714,2,3.0,0
5.943,14.539,22.669,2.84,45.984,6,21.0,1
0.111,1.006,0.0,0.0,1.097,2,2.0,0
0.025,0.061,0.0,0.0,0.098,0,1.0,0
2.254,9.982,14.455,2.116,28.934,6,58.0,1
7.929,7.603,7.72,3.085,26.138,11,16.0,1
3.503,2.683,0.162,0.273,6.597,3,4.0,0
0.285,0.326,0.0,0.0,0.555,1,1.0,0
3.431,18.242,11.276,0.974,34.03,4,33.0,1
6.915,14.745,16.414,2.385,40.639,12,44.0,1
4.308,22.932,6.9,2.53,36.665,7,17.0,1
0.06,0.409,0.0,0.0,0.38,2,2.0,0
3.341,12.69,32.937,0.187,49.381,8,51.0,1
2.177,2.337,0.554,0.143,5.217,2,4.0,0
2.186,1.235,0.0,0.474,3.928,1,4.0,0
4.79,5.823,35.006,1.21,46.676,6,39.0,1
2.032,5.271,6.498,0.27,13.982,6,12.0,1
2.015,17.939,29.944,1.27,50.884,7,57.0,1
6.636,12.641,15.511,2.543,37.312,10,28.0,1
0.304,0.032,0.0,0.0,0.4,1,2.0,0
1.998,5.537,4.807,0.474,12.488,4,12.0,1
0.374,0.619,0.0,0.0,0.972,2,1.0,0
0.031,0.24,0.0,0.0,0.225,1,0.0,0
0.3,1.061,0.0,0.0,1.347,2,2.0,0
2.223,3.523,3.596,0.074,9.523,5,17.0,1
1.439,1.065,0.0,0.111,2.565,1,4.0,0
4.267,9.358,9.89,3.925,27.515,4,27.0,1
3.37,10.386,18.021,3.153,34.697,7,24.0,1
2.086,5.984,8.425,0.638,16.934,6,10.0,1
5.655,15.882,27.102,1.798,50.57,3,30.0,1
2.466,2.652,0.169,0.299,5.552,1,6.0,0
3.618,3.807,0.143,1.013,8.586,2,4.0,0
3.175,33.779,15.915,1.611,54.517,3,50.0,1
7.326,10.734,13.314,3.56,35.118,8,17.0,1
9.799,15.062,28.151,1.632,54.77,6,27.0,1
0.074,0.316,0.0,0.0,0.433,0,0.0,0
3.641,3.439,0.342,1.163,8.575,2,3.0,0
0.091,0.16,0.0,0.0,0.186,0,0.0,0
2.045,1.796,0.0,0.655,4.516,1,5.0,0
7.526,28.214,15.547,0.468,51.431,3,55.0,1
0.749,1.759,0.0,0.218,2.763,2,3.0,0
0.019,0.143,0.0,0.0,0.108,0,0.0,0
0.082,0.088,0.0,0.0,0.178,0,0.0,0
0.258,0.094,0.0,0.0,0.338,0,0.0,0
4.316,20.954,14.603,0.386,40.342,6,46.0,1
1.24,7.563,7.254,0.388,16.262,5,17.0,1
1.937,3.709,7.933,0.285,13.838,3,8.0,1
0.294,0.251,0.0,0.0,0.55,1,1.0,0
7.846,9.843,17.621,0.265,35.56,5,12.0,1
2.835,16.538,36.319,0.754,56.429,7,29.0,1
1.576,12.609,16.178,1.621,32.313,3,21.0,1
3.266,8.72,5.198,0.286,17.18,3,13.0,1
8.917,16.464,26.338,0.54,52.115,4,35.0,1
0.093,0.138,0.0,0.0,0.233,0,1.0,0
0.991,1.762,0.0,0.477,3.254,2,3.0,0
2.453,1.615,0.0,0.44,4.496,2,5.0,0
7.787,32.203,31.001,2.091,73.179,8,57.0,1
3.063,3.792,0.136,0.58,7.58,2,4.0,0
4.697,5.437,22.547,0.917,33.31,4,40.0,1
6.026,21.691,18.252,1.802,47.328,8,30.0,1
0.171,0.974,0.0,0.0,1.087,2,1.0,0
2.781,6.665,4.244,0.206,13.951,5,9.0,1
3.253,18.12,11.124,2.447,35.122,6,18.0,1
2.408,2.84,0.475,0.616,6.414,3,7.0,0
4.41,1.893,0.253,0.241,6.863,2,4.0,0
5.226,8.715,8.688,1.356,23.682,8,16.0,1
2.989,2.275,0.724,0.404,6.337,2,5.0,0
1.628,6.422,32.459,0.304,41.138,6,17.0,1
2.196,1.578,0.089,0.621,4.495,2,3.0,0
0.149,0.628,0.0,0.2,0.958,1,1.0,0
0.034,0.523,0.0,0.0,0.582,1,1.0,0
4.017,7.99,19.371,0.894,32.054,6,45.0,1
0.667,1.456,0.0,0.603,2.722,1,2.0,0
0.078,0.124,0.0,0.0,0.203,1,0.0,0
0.081,0.227,0.0,0.0,0.283,1,0.0,0
1.903,4.567,0.254,0.942,7.647,2,3.0,0
4.554,17.447,14.549,1.828,38.412,3,35.0,1
7.472,14.557,13.336,2.907,38.231,6,19.0,1
4.318,4.873,0.034,1.456,10.795,1,7.0,0
0.039,0.152,0.0,0.0,0.142,0,0.0,0
1.899,10.186,30.465,1.904,44.344,4,26.0,1
3.622,13.42,19.412,2.112,38.459,8,34.0,1
2.92,8.62,19.037,1.656,32.353,2,32.0,1
0.268,0.834,0.0,0.125,1.227,2,3.0,0
2.816,4.417,0.37,1.003,8.596,3,6.0,0
0.392,0.519,0.0,0.0,0.914,1,1.0,0
0.093,0.226,0.0,0.0,0.371,1,2.0,0
2.844,15.671,18.258,2.994,39.503,10,35.0,1
2.353,4.995,0.2,0.561,8.023,3,7.0,0
2.682,11.832,21.832,1.88,38.319,7,22.0,1
0.266,0.884,0.0,0.0,1.163,2,3.0,0
6.851,13.212,8.024,2.294,30.589,8,44.0,1
7.033,27.682,17.696,0.907,53.166,4,56.0,1
9.359,29.978,13.182,1.406,53.786,5,59.0,1
2.585,5.215,8.357,0.388,16.447,4,10.0,1
3.08,2.41,0.002,0.658,6.102,3,6.0,0
1.32,0.903,0.0,0.352,2.628,2,4.0,0
4.171,13.706,32.258,0.391,50.797,5,42.0,1
3.703,21.063,12.684,3.207,40.721,11,22.0,1
3.834,2.721,0.407,1.377,8.308,1,6.0,0
0.113,0.984,0.0,0.0,1.072,2,1.0,0
2.188,1.079,0.72,0.041,4.089,1,6.0,0
0.266,0.333,0.0,0.0,0.603,1,3.0,0
6.135,19.062,30.039,0.727,55.72,4,16.0,1
8.015,24.044,27.415,0.675,59.922,7,23.0,1
7.702,6.761,17.581,0.742,32.516,8,28.0,1
0.036,0.16,0.0,0.0,0.224,1,0.0,0
3.175,24.111,16.481,2.922,46.943,3,22.0,1
2.922,16.128,14.479,1.923,35.4,7,33.0,1
1.999,1.876,0.0,0.489,4.434,2,4.0,0
0.099,0.069,0.0,0.0,0.138,1,1.0,0
3.55,34.455,21.458,0.305,59.552,5,39.0,1
3.527,18.891,9.649,2.496,34.625,8,29.0,1
6.593,6.572,14.711,3.563,31.582,5,44.0,1
0.093,0.484,0.0,0.0,0.609,2,3.0,0
9.482,13.909,31.346,2.659,57.301,4,50.0,1
4.05,13.409,33.181,1.93,52.368,5,49.0,1
0.033,0.075,0.0,0.0,0.149,0,0.0,0
1.461,17.741,31.13,0.484,50.433,7,17.0,1
2.452,11.033,12.103,0.116,25.84,2,27.0,1
2.918,9.805,8.044,2.568,23.128,5,12.0,1
7.841,18.253,6.023,3.039,35.255,4,42.0,1
4.269,4.926,27.836,1.126,38.366,7,33.0,1
0.861,0.868,0.0,0.39,2.13,2,3.0,0
6.043,20.304,21.071,1.735,48.994,8,15.0,1
0.082,0.092,0.0,0.0,0.264,1,0.0,0
0.068,0.06,0.0,0.0,0.094,0,1.0,0
8.912,13.087,27.659,2.627,52.222,5,18.0,1
2.837,17.705,12.794,0.814,34.116,6,16.0,1
2.458,8.262,14.927,0.653,25.832,3,20.0,1
9.065,23.253,33.23,0.991,66.348,4,51.0,1
0.105,1.171,0.0,0.0,1.247,1,2.0,0
5.181,20.801,19.593,3.25,48.687,5,42.0,1
2.98,7.939,16.348,0.713,28.06,12,25.0,1
0.125,0.072,0.0,0.0,0.166,0,0.0,0
2.773,21.815,15.745,2.289,42.717,11,34.0,1
0.081,0.23,0.0,0.0,0.314,0,0.0,0
2.701,7.042,28.688,1.82,40.19,7,26.0,1
0.001,0.75,0.0,0.0,0.764,1,3.0,0
2.272,0.517,0.0,0.558,3.267,1,5.0,0
6.771,10.306,18.384,2.057,37.385,4,37.0,1
2.324,6.63,8.026,0.328,17.104,6,15.0,1
0.045,0.838,0.0,0.0,0.905,1,2.0,0
6.579,23.821,21.801,2.311,54.618,8,21.0,1
0.265,0.064,0.0,0.0,0.351,0,1.0,0
0.006,0.211,0.0,0.0,0.216,2,1.0,0
6.066,15.378,31.999,0.913,54.125,3,52.0,1
0.619,0.081,0.0,0.0,0.687,1,0.0,0
2.197,4.058,0.485,0.398,7.065,1,6.0,0
4.009,10.943,31.685,0.932,47.36,8,28.0,1
1.977,1.257,0.0,0.327,3.558,2,4.0,0
0.092,0.548,0.0,0.0,0.577,0,2.0,0
2.716,7.75,6.836,0.779,17.738,3,9.0,1
1.583,3.166,0.296,1.214,6.25,2,3.0,0
0.114,1.17,0.0,0.0,1.232,1,3.0,0
0.258,0.648,0.0,0.233,1.155,1,1.0,0
2.221,7.911,19.941,0.107,29.966,7,21.0,1
2.349,11.087,19.154,2.326,34.813,6,23.0,1
0.015,0.07,0.0,0.0,0.066,1,0.0,0
4.096,32.155,22.256,2.022,60.152,5,25.0,1
4.937,5.55,33.027,1.245,44.894,6,29.0,1
0.198,0.788,0.0,0.0,1.003,2,3.0,0
1.573,1.507,0.0,0.648,3.684,1,4.0,0
3.078,27.984,24.481,0.021,55.568,5,58.0,1
2.686,7.124,3.05,0.616,13.309,5,9.0,1
0.024,0.966,0.0,0.0,1.025,1,3.0,0
0.196,0.414,0.0,0.0,0.702,2,3.0,0
2.808,1.779,0.226,0.203,5.032,2,5.0,0
0.07,0.574,0.0,0.0,0.727,2,1.0,0
2.179,1.658,0.0,0.284,4.143,1,2.0,0
0.365,1.117,0.236,0.0,1.808,2,1.0,0
0.196,1.174,0.0,0.0,1.328,2,3.0,0
3.113,1.131,0.782,0.052,5.03,1,3.0,0
2.141,2.642,0.085,1.054,5.883,2,3.0,0
2.645,9.458,37.097,0.912,50.211,2,34.0,1
7.291,14.634,18.988,2.844,43.642,7,12.0,1
0.035,0.112,0.0,0.0,0.13,1,0.0,0
4.469,8.95,26.474,1.065,41.014,2,39.0,1
1.081,8.753,4.84,0.355,15.114,3,16.0,1
0.618,1.371,0.0,0.292,2.351,1,4.0,0
0.126,0.358,0.0,0.0,0.48,1,3.0,0
3.489,2.625,0.179,0.716,7.031,3,6.0,0
0.012,0.128,0.0,0.0,0.155,1,1.0,0
3.58,7.257,15.253,0.711,26.702,11,35.0,1
0.139,0.029,0.0,0.0,0.118,0,0.0,0
1.91,6.012,6.584,0.655,14.889,3,14.0,1
5.756,29.547,19.019,0.243,54.652,8,44.0,1
8.207,20.013,34.173,1.439,64.01,8,38.0,1
3.997,1.613,0.414,0.448,6.469,1,4.0,0
2.006,0.681,0.0,0.572,3.239,2,5.0,0
5.411,13.357,9.669,0.209,28.628,7,15.0,1
6.696,18.932,20.328,0.664,46.665,6,27.0,1
1.855,4.994,0.393,0.342,7.529,1,5.0,0
1.576,3.954,4.536,0.691,10.803,5,7.0,1
0.131,0.806,0.0,0.0,0.895,2,3.0,0
1.806,1.811,0.0,0.785,4.416,1,2.0,0
1.436,2.212,0.724,0.201,4.58,3,5.0,0
1.672,0.876,0.0,0.553,3.094,1,2.0,0
0.048,0.459,0.0,0.0,0.468,0,0.0,0
0.05,0.057,0.0,0.0,0.142,1,0.0,0
1.72,4.428,0.223,1.245,7.678,2,4.0,0
4.266,17.496,16.262,1.897,40.072,4,28.0,1
3.341,4.368,0.405,1.13,9.22,2,5.0,0
3.155,1.43,0.791,0.356,5.682,2,4.0,0
6.599,20.006,14.203,0.791,41.65,4,23.0,1
2.422,1.123,0.0,0.204,3.769,2,3.0,0
9.541,18.483,25.357,1.061,54.513,5,16.0,1
2.477,2.108,0.458,0.058,5.115,2,2.0,0
2.748,18.997,18.854,2.282,43.057,6,34.0,1
0.027,0.353,0.0,0.0,0.381,1,1.0,0
6.49,11.019,11.264,0.237,28.966,12,24.0,1
5.269,33.228,16.648,0.973,55.997,5,26.0,1
2.221,0.694,0.0,0.32,3.219,2,2.0,0
2.107,4.457,4.199,0.232,10.997,6,14.0,1
3.747,5.256,16.042,0.238,25.253,5,42.0,1
3.604,20.69,20.02,2.791,47.483,10,20.0,1
0.374,0.452,0.0,0.006,0.842,1,3.0,0
2.896,8.468,3.181,0.408,15.049,6,14.0,1
0.08,0.571,0.0,0.0,0.602,1,2.0,0
0.181,0.528,0.379,0.0,1.033,2,3.0,0
0.82,1.629,0.0,0.364,2.8,2,5.0,0
1.196,8.164,6.927,0.5,16.749,3,11.0,1
2.284,23.807,7.487,3.263,37.091,8,22.0,1
6.289,20.479,21.15,2.061,49.78,8,18.0,1
1.002,4.488,3.559,0.882,9.813,5,7.0,1
0.369,0.128,0.0,0.0,0.435,1,0.0,0
2.012,23.611,20.947,1.225,47.759,7,36.0,1
2.973,16.704,10.58,1.385,31.77,6,20.0,1
1.174,3.807,0.216,0.834,6.208,3,3.0,0
1.332,1.001,0.397,0.214,2.903,2,2.0,0
4.901,9.836,10.937,1.208,27.079,6,26.0,1
1.099,1.672,0.0,0.16,2.865,2,4.0,0
7.072,8.089,15.645,1.051,31.765,11,40.0,1
4.327,22.989,20.817,1.125,49.853,12,15.0,1
1.752,1.513,0.711,0.228,4.301,3,3.0,0
2.576,11.811,34.6,1.57,50.194,3,47.0,1
2.585,8.06,4.346,0.627,15.366,5,16.0,1
9.625,15.549,31.576,1.71,58.714,5,20.0,1
1.315,1.75,0.171,1.218,4.406,3,6.0,0
0.158,1.048,0.0,0.0,1.312,1,3.0,0
2.01,8.607,7.377,0.498,18.252,6,11.0,1
1.376,1.257,0.263,0.037,2.877,3,4.0,0
0.029,0.084,0.0,0.0,0.101,1,0.0,0
7.807,26.551,14.7,1.833,50.963,3,17.0,1
0.078,1.156,0.0,0.0,1.229,1,3.0,0
0.052,0.211,0.0,0.128,0.47,0,0.0,0
2.392,19.014,20.972,3.217,45.73,6,33.0,1
0.054,0.552,0.0,0.0,0.53,1,2.0,0
5.777,11.198,26.812,2.444,46.191,5,18.0,1
4.957,18.199,19.91,1.252,44.425,8,34.0,1
0.046,0.972,0.0,0.0,1.064,2,1.0,0
5.866,17.154,19.793,1.173,44.23,4,13.0,1
0.121,0.026,0.0,0.0,0.217,0,1.0,0
3.728,4.223,0.334,0.216,8.593,1,5.0,0
3.34,8.275,3.972,0.413,16.368,6,7.0,1
0.011,0.114,0.0,0.0,0.205,0,0.0,0
3.594,24.663,31.009,2.291,61.609,4,57.0,1
0.04,0.103,0.0,0.0,0.13,1,0.0,0
1.281,0.537,0.0,0.221,2.07,2,3.0,0
0.069,0.688,0.0,0.0,0.752,0,0.0,0
3.707,10.56,12.451,2.367,29.241,12,32.0,1
4.019,2.181,0.102,0.253,6.518,3,7.0,0
0.03,0.018,0.0,0.0,0.002,1,1.0,0
1.418,2.64,0.555,0.021,4.614,1,5.0,0
0.09,0.502,0.0,0.0,0.575,1,1.0,0
0.077,0.025,0.0,0.035,0.237,0,0.0,0
2.048,7.897,5.188,0.966,16.008,3,13.0,1
0.411,0.562,0.0,0.0,1.027,0,0.0,0
1.269,7.944,3.238,0.466,13.251,3,16.0,1
1.409,6.081,4.308,0.243,12.237,5,17.0,1
0.286,0.864,0.0,0.0,1.136,1,3.0,0
6.476,24.087,20.975,3.744,55.272,7,26.0,1
4.094,2.101,0.054,1.034,7.326,2,7.0,0
0.234,0.401,0.0,0.0,0.614,2,3.0,0
0.275,0.383,0.0,0.0,0.686,1,2.0,0
2.119,20.388,13.688,2.084,38.203,6,24.0,1
1.522,1.636,0.188,1.044,4.416,1,5.0,0
2.187,1.624,0.718,0.487,5.039,3,5.0,0
8.796,30.053,22.345,0.51,61.677,8,33.0,1
8.113,8.762,10.629,2.302,29.727,3,49.0,1
4.62,23.703,9.867,2.793,41.049,7,28.0,1
9.617,22.528,15.539,0.813,48.549,4,35.0,1
2.332,16.582,23.965,0.805,43.678,6,48.0,1
4.387,8.791,6.013,3.168,22.172,10,40.0,1
6.92,16.913,20.946,2.146,46.722,8,32.0,1
0.281,1.06,0.0,0.0,1.257,2,1.0,0
0.112,0.655,0.0,0.0,0.746,1,2.0,0
0.025,0.771,0.0,0.0,0.752,1,1.0,0
0.065,0.277,0.0,0.0,0.348,0,0.0,0
0.176,0.797,0.0,0.0,0.918,1,2.0,0
7.888,9.027,32.026,1.292,50.025,6,24.0,1
6.467,6.861,5.198,2.612,21.517,7,37.0,1
1.545,1.56,0.248,0.708,4.052,2,5.0,0
0.385,0.256,0.0,0.0,0.66,0,0.0,0
2.612,17.176,10.232,0.891,31.216,6,29.0,1
0.102,0.075,0.162,0.112,0.449,1,0.0,0
1.525,3.472,0.37,1.493,6.887,3,3.0,0
0.042,0.119,0.0,0.0,0.163,1,0.0,0
0.079,0.625,0.0,0.0,0.662,1,3.0,0
3.31,20.144,8.692,1.624,33.81,12,21.0,1
2.894,3.102,0.013,0.586,6.694,3,6.0,0
0.101,0.449,0.0,0.0,0.558,2,2.0,0
1.57,13.699,21.187,0.533,37.032,5,45.0,1
0.025,0.084,0.0,0.0,0.167,1,2.0,0
6.352,8.428,15.266,0.492,30.934,10,27.0,1
0.223,0.186,0.0,0.0,0.364,1,0.0,0
0.049,0.107,0.0,0.0,0.123,0,0.0,0
0.163,0.778,0.0,0.0,0.918,2,1.0,0
1.709,1.607,0.0,0.455,3.753,2,5.0,0
4.674,14.771,20.32,2.652,42.778,3,39.0,1
0.064,0.001,0.0,0.0,0.055,0,0.0,0
6.011,19.968,19.824,0.275,46.228,8,25.0,1
2.553,24.059,32.585,2.627,61.633,4,31.0,1
6.725,20.517,33.225,2.429,62.718,8,44.0,1
0.844,1.389,0.073,0.21,2.55,2,2.0,0
0.053,0.111,0.0,0.0,0.177,1,2.0,0
0.075,0.119,0.0,0.138,0.318,0,0.0,0
3.17,1.54,0.44,1.142,6.329,3,5.0,0
6.488,27.594,17.794,2.284,53.949,4,31.0,1
8.523,13.794,28.427,1.858,52.573,7,17.0,1
6.818,31.815,26.483,1.545,66.657,6,53.0,1
5.789,21.889,25.479,2.807,56.14,7,54.0,1
2.228,0.84,0.0,0.622,3.724,1,3.0,0
6.91,7.531,20.382,1.966,36.547,4,37.0,1
4.713,16.835,6.611,3.174,31.563,6,40.0,1
7.475,27.644,27.594,2.902,65.418,6,38.0,1
0.002,0.171,0.0,0.0,0.207,1,0.0,0
1.162,10.511,31.673,0.278,43.997,4,45.0,1
6.853,14.448,9.134,1.506,31.971,8,15.0,1
1.954,1.527,0.0,0.628,4.112,2,4.0,0
2.573,20.299,31.913,0.158,54.596,6,51.0,1
1.966,1.295,0.381,0.07,3.659,3,3.0,0
1.553,1.383,0.299,0.041,3.232,3,6.0,0
0.255,0.204,0.0,0.0,0.432,0,0.0,0
7.402,7.887,7.638,0.751,24.05,4,26.0,1
1.959,5.309,5.355,0.244,12.875,5,7.0,1
0.101,1.006,0.0,0.0,1.085,1,1.0,0
0.222,0.308,0.0,0.0,0.555,2,2.0,0
0.152,0.159,0.0,0.0,0.32,1,0.0,0
2.381,1.278,0.0,0.343,3.963,1,3.0,0
1.466,4.928,19.273,0.33,26.118,6,37.0,1
1.615,2.752,0.78,0.419,5.62,2,5.0,0
3.971,18.336,31.178,0.084,53.425,5,50.0,1
0.148,0.164,0.0,0.0,0.318,0,0.0,0
1.862,1.968,0.0,0.696,4.562,2,2.0,0
5.968,23.381,24.857,1.099,54.977,5,28.0,1
4.44,17.377,32.859,0.166,54.669,2,44.0,1
5.035,29.783,19.753,0.541,54.953,6,32.0,1
2.02,1.771,0.0,0.656,4.411,1,4.0,0
3.856,16.928,24.607,0.004,45.4,7,42.0,1
2.68,4.749,5.764,0.039,13.64,3,14.0,1
0.379,0.077,0.0,0.0,0.492,0,0.0,0
3.179,13.644,18.895,0.672,36.65,6,17.0,1
0.152,0.838,0.0,0.0,0.997,1,2.0,0
3.594,22.906,31.571,0.925,59.289,3,25.0,1
4.518,19.998,12.821,3.721,40.919,10,41.0,1
0.013,1.028,0.142,0.0,1.04,2,1.0,0
2.984,8.053,7.328,0.267,18.616,3,7.0,1
6.42,8.316,14.592,1.7,30.841,10,21.0,1
7.441,14.657,17.255,3.197,42.823,10,35.0,1
0.264,1.046,0.0,0.0,1.401,1,2.0,0
0.063,1.084,0.0,0.0,1.168,1,3.0,0
0.056,0.091,0.0,0.071,0.29,1,0.0,0
4.53,16.219,14.501,2.469,37.839,6,17.0,1
0.066,0.996,0.0,0.234,1.225,2,3.0,0
4.149,17.251,34.74,0.676,57.026,3,32.0,1
3.283,1.32,0.683,0.42,5.716,1,6.0,0
5.937,21.989,19.029,2.664,49.538,6,29.0,1
0.162,0.268,0.0,0.0,0.467,1,0.0,0
8.09,22.782,28.625,0.268,59.172,3,59.0,1
0.324,0.916,0.0,0.0,1.269,1,3.0,0
4.261,15.156,14.499,1.774,35.689,4,59.0,1
7.923,24.864,21.211,1.036,55.102,8,20.0,1
0.123,0.995,0.0,0.0,1.089,2,1.0,0
3.935,7.42,21.599,1.628,34.766,6,40.0,1
1.642,6.223,7.624,0.706,16.015,5,11.0,1
6.785,13.175,7.931,0.362,27.939,5,20.0,1
0.146,0.266,0.0,0.0,0.4,0,0.0,0
3.02,2.254,0.596,0.466,6.353,3,3.0,0
0.368,0.328,0.0,0.0,0.708,1,2.0,0
4.084,2.163,0.383,1.169,7.833,2,6.0,0
3.068,5.0,4.559,0.877,13.316,5,10.0,1
2.197,0.877,0.0,0.235,3.364,1,2.0,0
3.902,2.501,0.425,1.498,8.348,3,7.0,0
2.028,1.798,0.319,0.834,5.044,3,6.0,0
0.048,0.019,0.0,0.0,0.125,0,0.0,0
0.013,0.131,0.0,0.0,0.059,0,2.0,0
0.125,0.229,0.0,0.0,0.325,0,1.0,0
0.265,0.155,0.0,0.0,0.42,1,1.0,0
0.305,1.194,0.0,0.0,1.531,1,2.0,0
1.608,15.896,15.318,0.746,33.77,4,20.0,1
1.574,3.677,0.238,1.339,6.85,2,3.0,0
2.48,6.369,7.301,0.295,16.101,5,7.0,1
0.053,0.331,0.0,0.0,0.308,0,0.0,0
8.069,30.867,27.199,0.331,66.602,5,57.0,1
2.337,14.6,10.126,3.107,30.129,6,14.0,1
2.854,2.852,0.305,1.02,7.0,3,7.0,0
1.835,10.72,33.118,0.521,46.148,4,32.0,1
0.35,0.036,0.0,0.0,0.444,0,0.0,0
0.225,0.085,0.0,0.0,0.308,0,0.0,0
0.099,0.104,0.0,0.0,0.188,0,0.0,0
0.039,0.111,0.0,0.0,0.124,0,1.0,0
1.981,2.735,0.597,0.185,5.464,3,5.0,0
1.929,5.18,8.288,0.944,16.26,3,14.0,1
0.067,0.174,0.0,0.0,0.343,0,0.0,0
0.145,0.091,0.0,0.154,0.416,1,0.0,0
2.824,8.159,8.353,0.092,19.574,5,14.0,1
7.969,20.372,18.494,1.161,48.295,8,34.0,1
0.227,1.122,0.0,0.0,1.382,1,3.0,0
0.384,1.101,0.0,0.0,1.54,1,3.0,0
2.681,23.748,17.22,1.14,45.03,6,15.0,1
0.018,0.428,0.0,0.0,0.423,0,1.0,0
8.53,23.317,32.884,1.624,66.216,7,22.0,1
6.994,18.337,12.19,1.431,39.132,4,26.0,1
0.893,7.198,6.904,0.966,16.304,4,12.0,1
2.931,2.49,0.699,0.323,6.506,2,4.0,0
4.517,11.289,17.568,2.362,35.553,4,35.0,1
2.367,1.712,0.043,0.754,4.842,2,3.0,0
6.627,23.234,31.253,2.228,63.205,5,46.0,1
8.02,22.343,20.013,1.244,51.854,8,44.0,1
2.649,8.466,5.988,0.691,17.747,5,14.0,1
1.453,0.846,0.0,0.714,3.063,1,2.0,0
1.729,0.562,0.0,0.514,2.889,1,4.0,0
2.035,7.304,11.6,3.741,24.751,4,42.0,1
3.59,3.549,0.449,1.486,9.1,2,3.0,0
2.234,23.26,11.91,0.882,38.231,7,53.0,1
2.803,5.809,4.211,0.711,13.748,6,8.0,1
0.091,0.13,0.0,0.0,0.238,1,0.0,0
4.619,19.95,34.416,0.546,59.289,8,51.0,1
7.528,18.834,9.202,2.996,38.711,5,24.0,1
0.072,0.012,0.0,0.0,0.037,0,1.0,0
0.345,0.122,0.0,0.0,0.467,0,0.0,0
1.777,12.699,27.724,1.256,43.697,5,47.0,1
3.603,19.595,19.113,1.364,43.394,5,22.0,1
1.16,6.941,3.624,0.096,12.039,6,7.0,1
0.247,0.04,0.0,0.0,0.342,0,0.0,0
2.844,21.755,19.413,3.582,47.694,5,24.0,1
3.33,16.469,17.078,0.232,36.926,7,29.0,1
0.158,0.792,0.0,0.034,1.016,2,1.0,0
8.255,30.908,27.083,2.067,68.138,3,55.0,1
2.731,3.91,0.365,0.605,7.665,1,5.0,0
0.667,0.597,0.0,0.71,1.929,2,4.0,0
3.053,5.321,8.105,0.936,16.998,4,13.0,1
0.005,0.239,0.0,0.0,0.256,0,0.0,0
0.088,0.673,0.0,0.0,0.822,1,2.0,0
7.06,15.672,10.027,1.02,33.495,11,38.0,1
3.799,31.913,25.305,2.974,64.06,3,23.0,1
4.825,16.295,27.456,1.516,50.155,4,49.0,1
3.985,20.943,28.694,0.876,54.388,6,49.0,1
0.342,1.026,0.0,0.0,1.368,1,1.0,0
0.131,0.034,0.0,0.0,0.284,1,0.0,0
1.232,2.708,0.366,0.238,4.486,2,4.0,0
3.603,20.968,30.311,0.564,55.588,8,17.0,1
3.563,18.798,25.008,1.911,48.995,4,28.0,1
1.598,0.557,0.0,0.149,2.246,1,3.0,0
7.309,26.21,28.258,0.004,62.026,4,21.0,1
0.093,0.421,0.0,0.0,0.621,2,2.0,0
0.114,0.025,0.0,0.0,0.177,0,0.0,0
0.61,1.911,0.0,0.789,3.248,1,3.0,0
1.118,8.795,4.136,0.975,15.202,4,7.0,1
2.274,20.515,9.173,2.306,34.096,9,35.0,1
2.107,17.656,15.535,0.099,35.436,3,24.0,1
1.081,1.686,0.0,0.516,3.284,2,2.0,0
0.001,0.816,0.0,0.0,0.882,2,3.0,0
2.193,1.997,0.742,0.244,5.175,1,6.0,0
1.961,1.487,0.0,0.637,4.119,2,5.0,0
3.133,29.987,14.02,2.334,49.485,8,46.0,1
6.829,14.49,7.0,0.922,29.448,11,34.0,1
0.102,0.086,0.0,0.0,0.096,0,0.0,0
0.008,0.012,0.0,0.0,0.002,0,1.0,0
9.271,16.119,23.044,1.452,49.975,8,22.0,1
3.595,13.034,13.598,1.321,31.582,2,46.0,1
3.17,8.559,14.417,2.713,29.013,6,41.0,1
4.001,20.866,13.12,3.587,41.568,6,12.0,1
0.118,0.855,0.0,0.0,0.981,1,2.0,0
6.18,26.962,28.04,0.902,61.982,6,25.0,1
9.378,17.203,11.069,2.128,39.677,4,18.0,1
0.078,0.122,0.0,0.0,0.188,1,0.0,0
5.079,30.683,26.788,2.279,64.969,4,58.0,1
2.036,8.484,29.301,0.947,40.773,6,24.0,1
2.255,4.653,0.225,1.492,8.64,1,5.0,0
0.362,0.392,0.0,0.0,0.767,1,3.0,0
0.025,0.278,0.0,0.0,0.33,1,1.0,0
5.081,22.406,19.569,3.81,50.911,12,32.0,1
7.715,19.106,11.086,0.849,38.825,4,48.0,1
1.829,2.617,0.673,0.311,5.386,1,2.0,0
0.173,1.087,0.0,0.0,1.255,1,1.0,0
3.127,2.131,0.469,0.436,6.091,3,2.0,0
6.207,10.05,32.467,2.424,51.257,3,40.0,1
0.158,0.022,0.0,0.0,0.198,0,2.0,0
0.229,0.049,0.0,0.0,0.251,1,1.0,0
1.512,2.968,0.208,1.311,6.072,3,6.0,0
3.425,7.566,3.326,0.293,14.543,3,16.0,1
3.881,22.883,10.057,0.514,37.601,12,37.0,1
1.487,8.683,6.357,0.254,16.546,3,16.0,1
3.489,3.716,5.653,0.715,13.591,5,7.0,1
5.803,16.065,6.343,1.497,30.022,11,41.0,1
3.841,11.597,7.38,0.613,23.41,7,35.0,1
4.173,25.29,27.974,0.105,57.576,5,29.0,1
0.805,1.055,0.0,0.126,1.96,1,4.0,0
8.625,30.784,25.946,0.37,65.691,6,24.0,1
7.439,24.556,12.047,2.201,46.28,4,42.0,1
0.306,1.033,0.0,0.0,1.347,2,1.0,0
7.585,13.997,10.708,1.362,33.657,6,41.0,1
0.19,0.185,0.0,0.0,0.368,1,0.0,0
0.271,0.27,0.0,0.0,0.497,1,1.0,0
0.289,1.122,0.0,0.0,1.347,1,3.0,0
4.705,9.364,24.936,0.096,39.198,2,20.0,1
3.004,6.123,7.3,0.627,17.311,4,7.0,1
3.152,7.303,7.471,0.849,19.096,5,7.0,1
4.183,15.501,19.233,1.725,40.479,7,41.0,1
2.156,7.243,21.58,3.129,34.073,12,42.0,1
3.376,5.028,8.452,0.261,17.104,6,17.0,1
2.115,34.376,17.683,1.813,55.924,5,24.0,1
2.345,5.857,7.453,0.058,16.186,6,9.0,1
0.076,0.021,0.0,0.0,0.027,0,2.0,0
0.063,0.443,0.0,0.0,0.554,0,0.0,0
4.007,22.988,27.58,1.567,56.429,3,18.0,1
2.814,3.209,0.411,1.348,7.902,2,5.0,0
5.669,11.798,16.488,1.947,36.152,9,15.0,1
3.0,4.834,6.831,0.561,15.433,5,9.0,1
0.314,0.926,0.0,0.0,1.187,0,0.0,0
2.678,3.752,0.088,0.936,7.47,2,4.0,0
4.61,8.668,6.086,3.71,22.93,11,44.0,1
4.453,1.884,0.349,0.432,7.143,1,5.0,0
0.011,0.78,0.0,0.0,0.729,1,3.0,0
3.412,4.712,0.119,0.547,8.792,2,4.0,0
1.166,8.169,4.825,0.555,14.412,6,14.0,1
2.473,17.894,17.812,0.742,39.173,3,47.0,1
1.115,7.879,3.13,0.818,12.714,3,15.0,1
2.726,7.937,4.463,0.13,14.999,5,16.0,1
5.667,18.48,19.86,2.357,46.123,10,42.0,1
4.906,25.134,27.049,2.425,59.269,7,19.0,1
0.079,0.106,0.0,0.0,0.208,1,0.0,0
3.777,16.304,7.574,0.588,28.37,9,32.0,1
1.082,4.121,4.555,0.282,9.128,5,17.0,1
3.171,3.987,0.017,0.354,7.473,3,7.0,0
1.242,17.47,18.394,1.584,38.904,2,44.0,1
1.147,1.61,0.0,0.47,3.216,2,3.0,0
3.403,9.727,14.149,0.015,27.209,3,34.0,1
4.625,16.347,11.676,0.733,33.062,8,13.0,1
9.299,20.977,22.168,0.371,52.587,3,49.0,1
0.027,0.04,0.0,0.0,0.065,1,0.0,0
0.725,1.668,0.0,0.49,2.918,1,3.0,0
7.868,15.296,10.683,0.362,34.058,8,41.0,1
8.813,31.387,26.135,2.964,69.035,7,40.0,1
7.255,24.857,14.803,2.393,49.419,5,44.0,1
1.632,3.876,0.201,0.316,6.01,1,5.0,0
3.223,2.728,0.773,0.328,7.05,3,4.0,0
4.696,13.575,25.505,1.338,44.926,5,24.0,1
1.566,4.52,6.633,0.375,12.895,3,10.0,1
7.565,17.943,10.045,2.998,38.402,4,30.0,1
0.195,0.138,0.0,0.0,0.282,1,0.0,0
2.838,22.381,5.262,3.711,34.289,11,16.0,1
1.466,6.409,29.616,0.224,37.592,4,24.0,1
2.758,8.649,22.414,0.476,34.046,5,15.0,1
0.277,1.043,0.0,0.0,1.345,2,3.0,0
0.093,0.314,0.0,0.0,0.358,0,0.0,0
0.144,0.097,0.0,0.0,0.221,0,0.0,0
0.192,0.288,0.3,0.0,0.85,2,2.0,0
2.613,9.605,14.136,2.201,28.345,4,15.0,1
3.947,8.324,21.044,2.188,35.678,5,34.0,1
7.792,27.244,8.707,0.873,44.459,4,44.0,1
0.022,0.017,0.0,0.0,0.044,1,0.0,0
1.992,16.484,29.693,0.647,48.679,7,47.0,1
6.968,32.0,11.517,0.243,50.757,3,28.0,1
0.124,0.091,0.0,0.11,0.302,1,0.0,0
2.412,3.777,0.308,0.258,6.836,3,3.0,0
1.853,4.148,5.72,0.954,12.494,5,10.0,1
0.165,0.069,0.0,0.0,0.273,0,0.0,0
2.81,4.588,0.166,1.177,8.731,3,3.0,0
7.195,20.921,20.481,1.29,49.886,10,37.0,1
1.793,4.48,3.498,0.097,9.734,3,15.0,1
0.044,0.625,0.0,0.0,0.598,1,2.0,0
1.096,5.007,5.347,0.421,12.025,3,16.0,1
7.673,9.197,8.326,1.487,27.078,3,15.0,1
3.668,20.799,21.6,0.563,46.617,7,18.0,1
5.366,29.719,13.333,2.506,50.604,5,16.0,1
0.013,0.177,0.0,0.0,0.19,0,0.0,0
2.388,27.563,29.063,0.56,59.307,3,23.0,1
2.207,0.929,0.0,0.616,3.77,2,5.0,0
2.246,22.429,10.126,1.464,36.213,8,37.0,1
0.017,0.093,0.0,0.0,0.149,0,1.0,0
0.699,1.475,0.0,0.129,2.306,2,2.0,0
1.568,1.7,0.0,0.603,3.816,1,2.0,0
0.112,0.465,0.0,0.0,0.607,1,1.0,0
0.064,0.156,0.0,0.0,0.15,0,0.0,0
3.258,1.637,0.08,0.457,5.402,3,4.0,0
3.28,4.232,3.64,0.266,11.629,4,16.0,1
4.445,13.647,23.592,0.576,41.967,5,35.0,1
3.087,2.421,0.287,0.453,6.273,1,6.0,0
3.812,18.871,29.529,0.032,52.253,3,46.0,1
2.536,5.326,5.496,0.972,14.415,3,10.0,1
1.849,1.752,0.34,0.215,4.216,3,7.0,0
1.898,2.127,0.778,0.375,5.249,3,5.0,0
0.246,0.001,0.0,0.0,0.228,1,1.0,0
5.14,8.18,10.057,2.204,25.624,11,21.0,1
3.39,21.821,12.967,1.668,40.028,8,20.0,1
0.022,0.261,0.0,0.0,0.241,0,0.0,0
4.374,10.151,22.721,2.899,40.093,7,39.0,1
2.079,4.202,5.309,0.245,11.928,4,7.0,1
0.819,7.269,7.129,0.936,16.243,6,8.0,1
0.279,0.768,0.0,0.0,1.017,2,3.0,0
0.287,0.731,0.0,0.0,1.014,2,3.0,0
2.431,1.834,0.0,0.488,4.814,2,5.0,0
0.612,1.031,0.0,0.291,1.885,2,5.0,0
8.627,30.89,32.748,0.876,72.934,4,42.0,1
2.861,30.643,27.891,1.367,62.893,6,27.0,1
0.007,0.511,0.0,0.0,0.519,2,3.0,0
1.477,12.843,30.563,1.465,46.523,5,22.0,1
6.019,23.246,29.775,0.285,59.276,6,36.0,1
2.194,18.841,34.447,0.609,56.159,6,57.0,1
8.566,19.966,32.14,2.812,63.364,7,25.0,1
0.234,0.447,0.0,0.0,0.668,2,2.0,0
0.388,0.309,0.134,0.0,0.784,1,2.0,0
9.594,26.717,13.645,2.325,52.387,3,32.0,1
0.196,0.275,0.0,0.0,0.465,1,0.0,0
4.219,26.215,16.021,0.851,47.369,4,54.0,1
9.286,17.791,34.365,1.338,62.248,4,47.0,1
0.002,0.416,0.364,0.0,0.786,1,2.0,0
1.61,4.829,0.047,0.557,7.147,2,7.0,0
2.503,15.004,16.93,1.575,36.19,7,16.0,1
3.434,17.1,9.158,2.713,32.278,8,38.0,1
0.099,0.158,0.0,0.0,0.301,0,0.0,0
0.367,0.799,0.0,0.0,1.121,1,3.0,0
1.185,7.807,34.926,1.967,45.862,7,31.0,1
1.632,1.413,0.0,0.475,3.581,1,2.0,0
3.313,5.331,5.014,0.26,14.051,6,11.0,1
6.554,24.733,11.017,2.532,44.946,7,23.0,1
2.242,5.417,37.07,0.596,45.377,3,20.0,1
0.848,6.447,4.838,0.764,12.853,5,13.0,1
1.125,0.567,0.0,0.576,2.296,1,4.0,0
8.756,9.833,20.62,0.31,39.876,7,59.0,1
2.548,23.221,12.28,0.62,38.495,3,42.0,1
3.379,3.677,0.024,0.75,7.79,3,7.0,0
3.037,5.638,6.627,0.217,15.947,6,11.0,1
1.347,5.199,7.549,0.845,14.59,4,12.0,1
1.154,14.25,25.575,1.067,41.881,5,21.0,1
2.805,3.915,0.003,0.923,7.678,2,4.0,0
0.25,0.235,0.0,0.0,0.511,2,2.0,0
0.014,0.129,0.0,0.0,0.204,0,0.0,0
6.709,14.256,24.838,0.653,46.29,3,55.0,1
4.431,16.509,26.936,1.757,49.516,5,33.0,1
6.585,11.532,9.918,2.792,30.57,6,49.0,1
0.018,0.056,0.0,0.0,0.0,1,0.0,0
2.463,7.11,4.088,0.237,13.911,4,17.0,1
2.642,18.573,19.939,3.148,43.933,6,44.0,1
7.714,23.197,13.089,0.659,44.555,4,19.0,1
0.096,0.006,0.0,0.0,0.102,1,0.0,0
6.327,26.633,28.787,2.622,64.278,3,47.0,1
0.384,0.539,0.0,0.0,0.916,2,2.0,0
0.861,1.5,0.0,0.261,2.64,2,4.0,0
1.474,3.935,4.803,0.83,11.368,5,10.0,1
2.016,1.11,0.676,0.462,4.29,1,6.0,0
2.056,1.732,0.103,0.24,4.144,3,4.0,0
2.328,28.972,12.975,1.526,46.125,8,35.0,1
2.152,25.7,13.312,0.12,41.492,4,22.0,1
1.119,7.572,5.098,0.772,14.846,4,17.0,1
2.705,3.336,0.301,1.101,7.464,3,5.0,0
1.136,6.231,15.17,1.356,24.165,3,47.0,1
3.391,21.153,14.388,1.916,40.774,6,44.0,1
1.867,1.516,0.0,0.463,3.817,2,5.0,0
3.62,33.251,25.982,2.578,65.484,3,53.0,1
0.029,0.102,0.0,0.163,0.29,0,1.0,0
4.46,8.307,32.662,1.135,46.352,5,20.0,1
5.172,18.07,12.126,0.541,36.01,7,33.0,1
7.016,16.045,13.173,1.719,37.822,7,22.0,1
0.257,0.213,0.0,0.0,0.408,0,2.0,0
0.347,1.078,0.0,0.0,1.369,2,1.0,0
1.931,10.295,38.235,0.216,50.458,6,21.0,1
0.045,0.714,0.0,0.0,0.729,1,3.0,0
9.391,17.027,27.8,2.828,57.356,7,53.0,1
0.009,0.24,0.0,0.0,0.321,0,0.0,0
6.965,9.064,34.779,0.404,50.937,8,17.0,1
2.976,6.534,16.886,3.948,30.542,5,26.0,1
4.14,14.994,26.432,0.199,45.721,4,14.0,1
1.063,3.734,7.6,0.289,12.634,4,13.0,1
0.099,0.191,0.0,0.0,0.303,0,0.0,0
2.375,18.563,14.326,1.645,36.934,3,57.0,1
0.189,0.075,0.0,0.0,0.315,1,1.0,0
2.673,2.139,0.169,0.429,5.337,2,2.0,0
0.324,0.273,0.0,0.0,0.607,1,3.0,0
2.367,0.623,0.0,0.406,3.38,2,2.0,0
0.041,0.043,0.0,0.0,0.168,1,0.0,0
0.037,0.122,0.0,0.0,0.123,0,0.0,0
8.998,14.057,13.859,1.587,38.096,4,15.0,1
1.264,2.429,0.371,0.459,4.497,3,2.0,0
3.182,3.996,4.797,0.613,12.38,3,9.0,1
2.175,1.248,0.363,0.138,3.935,3,5.0,0
0.06,0.088,0.0,0.0,0.12,1,0.0,0
2.199,1.133,0.779,0.276,4.285,1,3.0,0
1.506,2.464,0.382,1.059,5.336,3,5.0,0
6.964,31.082,29.747,2.844,70.274,4,58.0,1
2.076,13.26,28.941,1.029,45.705,5,20.0,1
4.735,21.646,10.125,2.236,38.531,11,26.0,1
1.531,1.796,0.0,0.284,3.637,2,2.0,0
2.504,14.64,15.478,1.476,33.696,4,19.0,1
2.566,1.806,0.239,1.066,5.597,1,4.0,0
8.195,25.457,13.732,1.479,49.034,5,37.0,1
9.097,28.632,13.047,0.381,51.02,6,38.0,1
0.899,6.075,5.543,0.929,13.328,6,9.0,1
2.374,0.768,0.289,0.785,4.293,1,5.0,0
1.926,8.325,7.199,0.859,18.284,4,10.0,1
2.75,11.526,15.144,0.056,29.58,6,27.0,1
7.862,19.631,16.204,2.336,46.116,7,33.0,1
2.706,4.479,8.044,0.598,15.646,5,10.0,1
2.721,3.809,6.682,0.911,14.293,3,12.0,1
1.946,7.373,20.566,1.978,31.944,7,16.0,1
9.652,16.979,25.398,0.489,52.342,6,59.0,1
7.897,22.483,20.439,1.002,51.626,6,44.0,1
2.485,6.483,25.447,0.129,34.259,4,16.0,1
0.269,0.745,0.0,0.051,1.03,1,2.0,0
0.01,0.131,0.0,0.0,0.155,0,1.0,0
0.328,0.564,0.0,0.0,0.884,1,1.0,0
0.167,0.019,0.0,0.0,0.132,0,0.0,0
1.154,1.484,0.0,0.337,3.011,2,2.0,0
3.579,4.771,0.214,1.181,9.682,2,7.0,0
7.077,15.13,7.285,0.388,29.826,10,28.0,1
0.258,0.559,0.0,0.0,0.796,2,2.0,0
0.013,0.08,0.0,0.0,0.115,0,1.0,0
1.832,7.469,8.205,0.055,17.6,5,14.0,1
8.891,24.835,8.715,1.289,43.541,8,50.0,1
1.521,3.886,6.733,0.789,12.772,5,9.0,1
0.109,0.0,0.0,0.0,0.096,0,0.0,0
0.884,8.219,5.161,0.831,15.079,5,11.0,1
4.426,13.302,16.09,1.156,35.019,2,28.0,1
0.857,5.906,6.355,0.974,14.103,4,10.0,1
1.791,2.889,0.107,0.611,5.375,2,5.0,0
2.92,4.511,7.477,0.977,15.51,6,13.0,1
0.271,0.221,0.0,0.0,0.47,2,3.0,0
2.306,4.533,0.146,0.865,7.826,2,3.0,0
0.024,0.005,0.0,0.0,0.051,1,0.0,0
0.126,0.319,0.0,0.0,0.496,1,2.0,0
0.297,1.083,0.0,0.0,1.361,1,1.0,0
2.694,14.755,16.623,0.958,34.849,9,38.0,1
4.007,22.037,10.111,2.418,38.73,4,26.0,1
3.6,1.568,0.446,1.2,6.736,3,6.0,0
2.668,16.332,34.113,0.166,53.206,3,35.0,1
2.361,9.683,7.891,2.964,22.964,7,26.0,1
0.044,0.008,0.0,0.061,0.144,0,1.0,0
7.105,22.796,14.627,0.785,45.398,8,40.0,1
1.416,4.101,6.927,0.544,13.097,4,17.0,1
0.242,0.018,0.0,0.0,0.274,1,0.0,0
0.111,1.107,0.0,0.0,1.204,1,3.0,0
2.381,5.134,8.494,0.678,16.868,5,15.0,1
3.816,4.829,0.061,0.934,9.668,3,6.0,0
0.082,0.239,0.0,0.0,0.426,2,2.0,0
0.154,0.933,0.0,0.0,1.015,1,1.0,0
4.356,7.2,5.759,2.754,20.594,11,44.0,1
0.209,0.04,0.0,0.0,0.231,1,0.0,0
9.982,26.144,16.8,1.87,55.028,4,18.0,1
6.294,29.496,14.132,0.337,50.594,8,38.0,1
0.251,0.556,0.301,0.0,1.095,2,3.0,0
3.772,22.856,15.102,1.044,42.172,6,44.0,1
0.404,0.395,0.005,0.0,0.774,1,0.0,0
9.052,18.18,10.91,2.804,41.213,4,54.0,1
7.097,12.164,20.167,1.985,41.406,4,13.0,1
4.675,14.736,10.155,3.16,32.805,5,12.0,1
9.316,21.321,22.135,0.806,53.574,8,44.0,1
0.007,0.328,0.139,0.0,0.458,0,0.0,0
2.126,18.002,23.795,0.401,44.458,6,20.0,1
0.379,0.288,0.0,0.0,0.632,1,2.0,0
8.398,25.683,13.979,0.43,48.527,4,22.0,1
0.08,0.078,0.0,0.0,0.261,1,0.0,0
8.494,19.277,30.483,1.086,58.903,6,35.0,1
2.802,1.799,0.301,0.297,5.259,2,6.0,0
2.158,8.524,6.783,0.977,18.521,4,16.0,1
0.147,0.627,0.0,0.111,0.822,2,3.0,0
0.269,0.228,0.0,0.0,0.497,0,1.0,0
4.488,18.261,6.214,0.754,29.749,9,25.0,1
6.276,22.323,26.482,2.447,57.216,5,43.0,1
0.075,0.259,0.0,0.0,0.321,0,0.0,0
0.072,0.273,0.0,0.0,0.33,0,1.0,0
6.836,34.358,34.901,1.735,77.8,5,46.0,1
1.08,0.577,0.231,0.585,2.563,1,4.0,0
3.223,4.345,3.774,0.304,11.669,3,16.0,1
0.349,0.514,0.0,0.0,0.87,2,3.0,0
6.051,24.834,19.301,1.964,51.77,11,23.0,1
0.287,0.582,0.0,0.021,0.935,1,1.0,0
0.093,0.275,0.0,0.168,0.474,1,2.0,0
4.035,4.739,0.353,0.731,9.919,2,7.0,0
5.438,32.482,33.455,2.045,73.468,8,29.0,1
1.748,1.777,0.0,0.723,4.234,1,5.0,0
3.526,19.582,12.409,1.724,37.208,6,47.0,1
0.01,0.004,0.0,0.0,0.0,1,1.0,0
0.203,0.941,0.0,0.0,1.144,2,1.0,0
8.602,22.625,30.884,0.533,62.77,7,22.0,1
0.025,0.014,0.0,0.0,0.108,0,0.0,0
0.011,0.712,0.0,0.0,0.678,2,2.0,0
0.323,0.993,0.0,0.0,1.263,2,2.0,0
1.104,6.761,5.416,0.483,14.033,5,14.0,1
0.132,0.037,0.0,0.0,0.158,0,0.0,0
3.041,8.773,3.391,0.83,16.112,6,9.0,1
0.249,0.276,0.0,0.0,0.552,1,1.0,0
6.99,24.071,19.997,0.677,51.898,6,56.0,1
0.24,0.468,0.0,0.0,0.812,1,3.0,0
2.276,3.983,0.403,1.427,8.104,2,5.0,0
0.386,1.029,0.0,0.0,1.446,2,2.0,0
2.215,3.421,0.308,0.521,6.477,1,3.0,0
0.183,0.088,0.0,0.0,0.314,1,0.0,0
9.92,14.925,15.835,2.037,43.059,7,24.0,1
0.077,0.151,0.0,0.0,0.245,0,0.0,0
6.069,10.081,33.382,0.424,49.673,4,15.0,1
2.307,7.803,4.317,0.868,15.403,3,10.0,1
1.97,4.454,0.154,0.813,7.363,1,3.0,0
0.371,1.139,0.0,0.0,1.552,2,1.0,0
0.14,0.855,0.0,0.0,1.117,2,1.0,0
1.812,5.178,4.411,0.188,11.336,5,16.0,1
5.004,31.493,24.986,1.104,62.814,4,15.0,1
4.004,7.979,10.512,0.816,23.524,11,16.0,1
0.025,0.034,0.0,0.066,0.092,0,0.0,0
0.094,0.27,0.0,0.0,0.344,1,0.0,0
5.081,21.52,9.529,2.886,39.151,8,34.0,1
2.329,3.321,0.082,0.568,6.268,2,3.0,0
8.748,25.063,11.734,0.678,46.323,8,25.0,1
2.052,16.013,20.818,3.459,42.357,9,36.0,1
0.076,0.302,0.0,0.0,0.374,0,1.0,0
5.131,6.37,12.454,2.701,26.352,12,38.0,1
3.016,23.641,16.363,1.459,44.229,6,27.0,1
2.335,5.837,29.137,1.978,39.333,7,15.0,1
9.862,27.2,8.048,2.814,47.868,3,35.0,1
3.736,3.278,0.072,1.126,8.22,3,6.0,0
7.356,23.108,5.024,2.436,38.185,12,39.0,1
2.764,12.445,33.31,2.616,50.834,8,28.0,1
5.445,24.249,17.913,0.868,48.289,10,35.0,1
1.346,2.427,0.236,0.262,4.315,2,3.0,0
0.264,1.119,0.0,0.0,1.364,1,2.0,0
2.866,3.853,3.101,0.762,10.543,6,7.0,1
9.296,19.664,34.661,0.771,64.358,4,56.0,1
0.005,0.038,0.0,0.0,0.04,0,0.0,0
3.506,10.513,26.338,1.752,42.169,7,45.0,1
3.182,13.242,33.776,1.817,52.358,5,43.0,1
0.04,0.032,0.0,0.0,0.095,0,1.0,0
0.961,6.257,4.347,0.849,12.033,6,16.0,1
0.041,0.184,0.0,0.0,0.151,0,2.0,0
2.472,5.581,3.605,0.468,11.648,3,9.0,1
3.477,4.387,0.322,0.236,8.356,3,4.0,0
7.187,17.357,25.852,2.914,53.302,4,47.0,1
2.422,3.682,3.557,0.481,10.468,5,17.0,1
5.166,32.893,33.471,2.722,74.2,8,59.0,1
0.932,5.541,5.822,0.094,12.54,5,9.0,1
0.288,0.254,0.0,0.0,0.568,2,2.0,0
2.426,6.67,15.68,1.252,25.925,5,23.0,1
3.828,11.83,21.623,2.597,39.977,10,18.0,1
2.816,15.847,10.336,0.336,29.437,2,39.0,1
0.032,0.091,0.0,0.0,0.111,1,0.0,0
1.43,2.333,0.379,0.08,4.244,2,6.0,0
4.697,17.346,10.588,0.855,33.291,5,27.0,1
2.557,33.583,28.901,0.629,65.879,5,34.0,1
2.276,7.818,7.442,0.409,17.876,5,14.0,1
2.94,1.86,0.349,1.156,6.292,1,4.0,0
2.661,3.746,4.059,0.695,11.48,6,12.0,1
8.902,16.132,32.706,2.301,59.812,7,31.0,1
3.163,6.518,3.427,0.991,14.355,3,14.0,1
9.862,10.202,25.384,1.333,46.734,5,41.0,1
3.123,15.387,38.361,0.112,56.718,5,16.0,1
0.346,0.437,0.0,0.0,0.662,2,2.0,0
2.697,4.012,5.952,0.905,13.839,5,13.0,1
2.324,4.102,6.848,0.105,13.615,5,11.0,1
0.048,0.005,0.0,0.0,0.038,0,1.0,0
5.514,14.528,6.553,1.274,27.822,5,27.0,1
7.473,22.769,12.454,0.851,43.827,9,33.0,1
4.599,30.557,33.621,2.338,71.471,8,45.0,1
2.784,7.22,6.136,0.555,16.849,5,7.0,1
0.121,0.124,0.0,0.0,0.262,1,2.0,0
0.273,0.754,0.0,0.0,1.047,1,3.0,0
0.041,0.166,0.0,0.0,0.251,0,0.0,0
6.465,18.198,12.812,3.52,41.001,4,30.0,1
2.094,8.815,6.347,0.479,17.502,5,8.0,1
0.365,0.512,0.0,0.092,0.946,2,1.0,0
6.739,19.731,17.684,3.726,47.722,12,15.0,1
1.079,1.042,0.0,0.587,2.7,2,4.0,0
1.293,0.93,0.0,0.366,2.663,2,4.0,0
0.055,0.078,0.0,0.0,0.127,0,1.0,0
0.064,0.28,0.0,0.0,0.395,1,0.0,0
0.098,1.045,0.0,0.0,1.177,2,2.0,0
1.779,6.735,4.264,0.272,13.149,3,11.0,1
3.065,32.899,31.577,1.115,68.896,8,23.0,1
4.87,24.208,27.959,2.07,59.205,7,23.0,1
8.366,24.586,12.9,0.899,47.096,4,35.0,1
4.457,28.052,8.649,0.593,41.792,3,21.0,1
0.869,1.095,0.0,0.278,2.175,2,5.0,0
0.312,0.944,0.0,0.062,1.284,2,1.0,0
0.198,0.184,0.0,0.0,0.366,0,0.0,0
4.11,11.313,15.671,1.556,32.59,2,15.0,1
2.601,6.816,4.944,0.249,14.401,3,12.0,1
0.1,0.03,0.143,0.0,0.297,0,0.0,0
8.636,13.005,29.967,0.32,52.033,8,48.0,1
9.301,10.032,12.519,1.932,33.579,4,52.0,1
1.634,0.503,0.0,0.25,2.354,2,2.0,0
3.734,12.141,14.788,1.117,31.399,11,41.0,1
3.818,33.286,8.8,1.207,47.639,7,55.0,1
9.331,19.118,34.66,1.887,65.143,3,44.0,1
8.016,33.14,30.066,0.26,71.036,5,48.0,1
5.738,18.723,19.095,2.388,45.797,4,16.0,1
0.038,0.397,0.0,0.0,0.521,2,3.0,0
0.103,0.004,0.0,0.0,0.096,0,0.0,0
2.277,33.429,11.318,1.311,48.086,3,23.0,1
0.039,0.086,0.0,0.0,0.163,0,1.0,0
2.054,1.716,0.0,0.496,4.253,1,4.0,0
0.002,0.003,0.0,0.0,0.097,1,2.0,0
7.662,23.677,5.032,2.665,38.849,10,26.0,1
0.156,0.859,0.0,0.058,1.12,1,1.0,0
2.905,3.674,8.088,0.872,15.309,5,11.0,1
0.021,0.388,0.0,0.0,0.403,0,1.0,0
0.144,0.95,0.0,0.0,1.06,1,1.0,0
2.248,1.723,0.549,0.357,4.877,1,2.0,0
0.221,0.834,0.0,0.0,0.987,1,3.0,0
3.137,4.545,0.267,0.292,8.202,1,3.0,0
0.386,0.34,0.0,0.0,0.69,2,1.0,0
0.383,0.832,0.0,0.0,1.245,1,1.0,0
7.203,14.383,12.123,2.596,36.603,3,28.0,1
9.926,10.52,22.514,0.765,43.746,6,20.0,1
3.022,1.739,0.336,0.526,5.608,3,7.0,0
4.801,24.599,33.305,2.169,64.947,3,24.0,1
9.207,23.154,25.26,1.897,59.557,5,46.0,1
3.401,1.832,0.474,0.213,5.969,1,5.0,0
1.039,6.015,6.349,0.484,14.1,3,15.0,1
0.075,0.032,0.0,0.0,0.164,1,0.0,0
7.795,16.676,7.519,3.021,34.807,8,12.0,1
1.509,7.128,7.747,0.233,16.348,6,10.0,1
0.209,0.135,0.0,0.0,0.268,1,1.0,0
2.545,3.993,0.347,1.353,8.226,3,4.0,0
4.252,30.639,34.85,0.835,70.414,3,53.0,1
2.978,2.415,0.324,0.479,6.2,3,3.0,0
0.143,0.809,0.344,0.0,1.397,2,1.0,0
6.773,9.192,20.807,2.677,39.648,5,22.0,1
3.961,10.338,27.763,0.453,42.615,3,17.0,1
1.986,0.71,0.0,0.207,2.984,1,2.0,0
0.179,0.118,0.0,0.0,0.263,1,1.0,0
1.356,2.521,0.445,0.481,4.818,1,4.0,0
1.196,0.546,0.0,0.193,1.942,2,3.0,0
0.041,0.025,0.0,0.0,0.063,1,1.0,0
1.378,1.742,0.0,0.475,3.526,1,5.0,0
1.161,5.343,4.337,0.782,11.852,6,14.0,1
5.259,28.183,21.635,0.525,55.802,6,50.0,1
0.054,0.03,0.0,0.0,0.0,1,0.0,0
1.833,11.052,20.952,1.021,34.319,5,45.0,1
0.092,0.273,0.0,0.0,0.392,0,0.0,0
6.544,14.832,10.744,2.322,34.59,4,53.0,1
0.086,0.154,0.0,0.0,0.294,1,0.0,0
6.512,21.951,20.701,3.64,52.867,5,32.0,1
2.816,13.116,24.703,1.806,42.423,8,24.0,1
1.342,5.081,5.723,0.982,13.048,5,16.0,1
1.639,8.036,5.058,0.672,15.163,3,7.0,1
6.843,13.621,10.102,2.263,32.591,9,35.0,1
6.281,18.855,27.421,0.24,52.621,3,52.0,1
3.601,7.536,25.87,0.379,37.139,3,33.0,1
6.221,17.702,12.238,3.031,39.072,10,44.0,1
0.15,0.053,0.0,0.0,0.319,1,1.0,0
1.987,0.695,0.0,0.42,3.093,1,4.0,0
5.882,34.942,14.062,1.797,56.751,3,47.0,1
8.04,29.532,30.072,0.522,68.207,4,22.0,1
2.098,9.7,28.794,1.719,42.326,3,33.0,1
0.566,1.99,0.0,0.232,2.779,2,5.0,0
1.869,2.126,0.465,0.057,4.522,2,4.0,0
2.99,5.658,3.943,0.34,12.676,4,11.0,1
4.224,10.976,18.79,1.558,35.673,9,39.0,1
5.726,13.453,19.972,3.842,42.855,10,18.0,1
3.497,7.277,4.967,0.224,15.861,6,15.0,1
0.228,0.22,0.0,0.0,0.422,1,2.0,0
1.849,6.675,18.386,0.3,26.942,6,42.0,1
3.131,15.684,14.923,0.176,33.833,6,29.0,1
2.496,1.705,0.4,0.48,5.108,1,3.0,0
0.138,0.006,0.0,0.0,0.146,1,1.0,0
0.127,0.017,0.0,0.0,0.132,1,0.0,0
0.05,0.597,0.0,0.0,0.678,2,1.0,0
4.353,29.933,26.224,1.566,62.127,3,39.0,1
0.237,0.56,0.0,0.0,0.78,2,2.0,0
1.576,4.964,0.162,0.409,7.169,3,5.0,0
1.213,0.638,0.0,0.318,2.099,2,2.0,0
0.284,0.49,0.195,0.0,0.928,1,2.0,0
7.455,21.487,14.518,0.938,44.378,7,21.0,1
0.247,0.423,0.0,0.0,0.743,2,3.0,0
0.005,0.136,0.0,0.0,0.097,0,0.0,0
6.476,11.486,10.461,1.451,29.866,3,21.0,1
1.91,1.248,0.752,0.389,4.204,2,3.0,0
0.306,0.008,0.0,0.0,0.269,1,0.0,0
0.289,0.769,0.0,0.0,0.967,2,1.0,0
0.248,1.146,0.0,0.0,1.434,1,2.0,0
4.757,28.308,30.992,1.712,65.55,6,28.0,1
3.526,20.104,21.041,1.997,46.591,6,28.0,1
0.174,0.177,0.0,0.0,0.327,1,0.0,0
1.394,1.413,0.502,0.299,3.596,3,6.0,0
2.493,8.276,21.432,3.955,36.241,5,36.0,1
2.523,3.532,0.17,1.003,7.164,2,4.0,0
9.565,32.947,13.735,0.461,56.486,5,37.0,1
1.179,4.591,0.22,0.28,6.227,3,5.0,0
8.146,33.208,22.911,2.32,67.007,4,15.0,1
5.829,31.577,11.062,0.206,48.224,4,56.0,1
2.534,3.525,0.105,0.784,6.994,1,5.0,0
0.369,1.041,0.178,0.0,1.577,1,1.0,0
0.043,0.138,0.0,0.0,0.235,1,1.0,0
2.552,6.607,7.064,0.867,17.447,3,17.0,1
0.066,0.809,0.0,0.0,0.897,1,3.0,0
0.036,0.242,0.0,0.0,0.252,0,0.0,0
0.231,0.723,0.343,0.0,1.182,2,3.0,0
2.951,17.285,8.423,2.013,30.787,8,33.0,1
0.003,0.539,0.0,0.0,0.561,0,0.0,0
4.478,16.532,38.952,0.633,60.646,6,48.0,1
0.158,0.117,0.0,0.0,0.218,1,0.0,0
2.012,1.883,0.0,0.15,4.026,2,5.0,0
3.54,13.045,22.033,2.093,40.928,4,57.0,1
8.58,20.833,27.658,1.083,58.271,4,30.0,1
1.081,1.458,0.0,0.573,3.064,2,2.0,0
2.478,7.123,16.552,3.4,29.395,5,20.0,1
2.415,9.844,21.17,1.542,35.241,4,28.0,1
6.924,13.802,34.868,1.93,57.292,4,58.0,1
0.231,1.095,0.374,0.0,1.72,2,2.0,0
3.09,7.341,14.904,0.005,25.198,7,40.0,1
2.371,1.275,0.418,0.161,4.284,2,5.0,0
2.75,16.854,11.517,0.94,32.205,3,38.0,1
3.625,24.401,23.873,2.679,54.812,3,41.0,1
0.03,0.039,0.0,0.0,0.075,1,0.0,0
4.814,14.428,18.163,1.797,39.202,6,15.0,1
1.071,10.678,11.635,0.985,24.59,2,37.0,1
4.363,8.712,7.647,0.601,21.418,11,25.0,1
0.017,0.33,0.0,0.0,0.34,1,0.0,0
4.141,2.429,0.292,0.535,7.458,2,5.0,0
3.463,15.064,12.142,1.612,32.44,5,54.0,1
2.091,3.709,0.383,1.037,7.239,2,5.0,0
2.397,7.08,11.966,1.466,22.997,7,28.0,1
7.259,18.867,21.842,1.325,49.203,4,29.0,1
2.944,3.032,0.272,0.892,7.124,2,5.0,0
4.916,9.112,29.768,1.08,45.058,6,41.0,1
1.483,1.918,0.0,0.711,4.146,2,2.0,0
2.138,8.707,5.917,0.685,17.629,4,15.0,1
1.7,1.941,0.333,1.339,5.282,3,3.0,0
0.538,1.918,0.0,0.18,2.585,2,4.0,0
6.29,22.674,21.295,0.663,51.007,11,21.0,1
0.175,1.173,0.0,0.0,1.315,1,3.0,0
0.249,0.243,0.0,0.285,0.689,2,1.0,0
1.044,1.784,0.0,0.41,3.346,1,4.0,0
4.727,31.232,28.881,1.169,66.111,7,50.0,1
4.664,16.681,20.037,0.232,41.641,7,27.0,1
0.062,0.149,0.0,0.0,0.153,1,0.0,0
0.123,0.169,0.0,0.0,0.346,0,0.0,0
1.927,4.551,0.345,1.183,7.993,1,3.0,0
2.093,5.725,7.144,0.767,15.656,5,13.0,1
7.219,9.085,31.189,1.609,49.369,4,48.0,1
0.066,0.209,0.0,0.079,0.383,1,0.0,0
4.672,7.937,13.878,3.632,29.744,6,37.0,1
1.706,6.067,4.504,0.622,12.657,6,10.0,1
9.69,31.301,34.422,2.787,78.162,3,45.0,1
2.451,24.56,21.696,2.333,51.28,3,41.0,1
3.89,12.033,30.54,1.779,48.307,8,56.0,1
1.625,0.865,0.0,0.256,2.79,2,3.0,0
0.039,0.128,0.0,0.0,0.129,0,0.0,0
0.063,0.062,0.0,0.0,0.182,0,1.0,0
7.224,34.41,34.708,0.113,76.691,4,52.0,1
0.574,1.072,0.0,0.348,1.978,1,4.0,0
5.723,12.336,15.399,0.565,33.974,3,18.0,1
3.75,2.19,0.108,0.331,6.448,3,6.0,0
0.214,0.9,0.0,0.0,1.113,1,1.0,0
0.287,0.791,0.0,0.0,1.112,2,2.0,0
0.241,0.258,0.343,0.0,0.872,1,2.0,0
3.479,7.322,7.871,0.149,18.877,3,13.0,1
0.023,0.142,0.0,0.0,0.148,1,0.0,0
2.304,4.795,0.442,0.586,8.156,1,7.0,0
2.219,3.736,6.554,0.116,12.836,5,9.0,1
6.21,34.179,13.656,1.574,55.603,6,25.0,1
2.301,4.665,6.943,0.415,14.733,3,9.0,1
6.791,20.27,9.45,0.943,37.923,7,18.0,1
2.775,2.776,0.753,0.289,6.534,3,3.0,0
0.004,0.172,0.0,0.0,0.188,1,0.0,0
0.125,0.207,0.152,0.0,0.444,2,2.0,0
3.077,4.648,0.072,1.437,9.306,1,7.0,0
3.035,2.496,0.707,0.244,6.465,1,5.0,0
2.71,4.279,4.765,0.129,11.721,4,16.0,1
3.829,8.355,28.97,1.957,43.291,2,31.0,1
0.039,0.782,0.389,0.091,1.363,2,1.0,0
0.264,0.056,0.0,0.0,0.43,1,0.0,0
7.829,33.855,31.252,0.752,73.84,3,24.0,1
5.447,22.129,18.182,3.173,48.928,8,29.0,1
2.159,6.956,8.387,0.631,18.17,4,10.0,1
0.271,0.125,0.0,0.0,0.371,0,0.0,0
0.047,0.014,0.0,0.0,0.065,0,0.0,0
2.509,10.69,14.793,0.243,28.391,8,20.0,1
0.316,0.031,0.0,0.0,0.355,1,0.0,0
1.637,12.7,35.029,0.897,50.134,7,15.0,1
0.001,1.123,0.0,0.0,1.061,2,1.0,0
4.256,34.162,34.906,2.039,75.533,4,52.0,1
0.073,0.116,0.0,0.0,0.234,0,0.0,0
1.06,1.746,0.2,0.099,3.145,3,6.0,0
4.14,14.183,20.791,3.654,42.742,8,30.0,1
1.245,2.322,0.31,0.08,3.94,2,2.0,0
5.288,13.528,11.402,1.053,31.35,9,42.0,1
2.088,1.656,0.0,0.682,4.489,1,4.0,0
2.115,1.065,0.0,0.495,3.675,1,5.0,0
5.213,18.275,5.912,1.436,30.527,7,36.0,1
5.46,31.455,26.473,0.634,63.961,8,43.0,1
6.44,22.974,11.972,3.628,45.096,8,28.0,1
2.23,27.701,13.801,1.409,45.224,6,29.0,1
2.442,8.81,5.536,0.804,17.424,3,15.0,1
9.853,18.124,22.518,0.071,50.882,7,24.0,1
2.014,17.908,34.419,0.764,55.207,4,47.0,1
1.008,4.867,6.68,0.996,13.507,3,16.0,1
7.704,34.927,33.112,1.77,77.475,3,37.0,1
6.878,19.935,12.643,1.066,40.208,12,40.0,1
1.508,7.061,5.486,0.993,14.847,5,10.0,1
1.441,2.109,0.331,0.957,4.867,3,3.0,0
1.618,1.227,0.741,0.351,3.991,1,3.0,0
0.179,1.001,0.0,0.0,1.175,1,1.0,0
4.657,7.003,18.598,1.462,31.781,7,36.0,1
5.503,21.465,26.262,0.259,53.656,3,50.0,1
5.658,14.202,10.691,1.147,31.8,4,36.0,1
5.712,20.946,12.072,0.291,38.603,12,17.0,1
0.029,0.264,0.0,0.0,0.311,0,0.0,0
0.126,0.053,0.0,0.0,0.26,0,0.0,0
0.074,0.156,0.0,0.0,0.254,0,0.0,0
0.004,0.092,0.0,0.0,0.14,1,0.0,0
3.526,1.807,0.452,0.752,6.418,1,5.0,0
0.006,0.028,0.0,0.0,0.0,1,1.0,0
0.484,0.253,0.0,0.0,0.783,0,0.0,0
2.118,6.174,18.353,1.956,28.409,6,34.0,1
0.203,0.07,0.0,0.0,0.318,1,0.0,0
5.454,8.222,9.47,2.094,25.072,11,28.0,1
5.357,11.218,7.169,1.38,25.11,11,32.0,1
3.121,25.535,13.97,1.425,43.949,8,28.0,1
0.232,1.148,0.0,0.0,1.321,1,3.0,0
3.14,7.165,16.0,2.91,29.242,9,42.0,1
3.207,1.851,0.01,0.246,5.338,1,3.0,0
0.086,0.039,0.0,0.0,0.171,0,0.0,0
0.083,0.446,0.0,0.195,0.809,1,2.0,0
0.053,1.183,0.0,0.0,1.294,2,3.0,0
1.807,7.753,7.798,0.337,17.73,3,11.0,1
5.531,24.739,13.646,2.987,46.998,3,44.0,1
2.675,4.723,0.077,1.276,8.734,3,4.0,0
0.176,1.197,0.0,0.0,1.41,1,3.0,0
0.011,0.076,0.0,0.0,0.116,0,0.0,0
0.388,1.105,0.0,0.0,1.423,2,2.0,0
1.045,2.187,0.182,0.214,3.621,1,2.0,0
5.108,11.405,15.063,1.658,32.984,3,34.0,1
3.727,2.338,0.175,0.973,7.148,2,5.0,0
1.423,2.935,0.033,0.506,4.943,2,4.0,0
0.123,0.497,0.0,0.0,0.57,2,1.0,0
7.27,12.105,18.348,3.211,41.076,7,13.0,1
0.052,0.347,0.0,0.0,0.395,2,1.0,0
3.475,23.991,22.446,2.794,52.944,5,38.0,1
2.029,23.686,16.621,2.525,45.041,6,29.0,1
1.477,4.498,6.552,0.465,13.043,4,17.0,1
0.008,0.347,0.0,0.0,0.399,2,1.0,0
0.101,0.299,0.0,0.0,0.483,2,1.0,0
4.982,7.623,12.367,0.064,25.268,2,44.0,1
0.137,0.067,0.0,0.0,0.162,1,0.0,0
1.572,3.136,0.016,0.738,5.464,3,5.0,0
0.054,0.056,0.0,0.0,0.102,0,0.0,0
2.522,4.339,6.014,0.436,13.15,5,11.0,1
3.493,2.406,0.166,0.484,6.557,3,3.0,0
2.567,4.249,0.439,1.47,8.784,1,4.0,0
8.461,20.322,32.465,2.35,63.562,4,29.0,1
3.284,8.068,7.541,0.834,19.54,6,9.0,1
6.163,18.121,14.069,0.578,38.991,5,49.0,1
2.8,1.897,0.391,1.089,6.235,3,5.0,0
0.062,0.177,0.0,0.0,0.297,1,1.0,0
2.353,15.037,12.453,0.085,29.845,5,50.0,1
0.349,0.765,0.0,0.288,1.46,2,1.0,0
6.553,21.296,30.315,2.527,60.671,5,46.0,1
0.256,0.514,0.0,0.0,0.778,1,3.0,0
5.484,20.37,19.853,3.995,49.705,11,31.0,1
0.389,0.647,0.0,0.0,0.935,1,3.0,0
3.106,1.849,0.115,0.556,5.587,2,6.0,0
0.208,0.31,0.0,0.0,0.49,2,3.0,0
3.059,2.091,0.552,0.429,6.161,3,3.0,0
1.619,6.289,5.836,0.519,14.026,3,17.0,1
1.537,3.781,0.304,1.293,6.99,1,4.0,0
3.345,10.277,26.638,0.316,40.373,7,22.0,1
1.131,1.163,0.439,0.372,3.11,2,2.0,0
3.202,7.772,5.318,0.27,16.859,6,10.0,1
5.128,21.571,19.377,2.12,48.502,11,22.0,1
1.28,6.861,3.669,0.534,12.661,3,14.0,1
8.56,24.829,32.842,2.166,68.429,5,45.0,1
2.678,28.832,13.523,2.873,47.91,7,25.0,1
1.36,1.513,0.0,0.605,3.485,2,3.0,0
9.04,25.942,34.366,1.762,71.296,7,44.0,1
1.67,3.892,7.307,0.937,13.713,6,16.0,1
5.864,19.169,25.73,1.286,51.689,4,37.0,1
0.177,0.954,0.0,0.0,1.0,1,3.0,0
2.46,3.299,0.074,0.838,6.7,3,5.0,0
8.032,11.979,21.044,1.809,43.132,3,28.0,1
0.015,0.153,0.0,0.0,0.114,0,1.0,0
2.592,7.694,4.139,0.462,14.949,6,9.0,1
5.325,24.337,18.801,0.574,48.875,12,43.0,1
0.187,1.057,0.0,0.0,1.301,1,1.0,0
0.317,0.72,0.0,0.0,1.008,1,1.0,0
2.622,7.95,7.438,0.257,18.191,6,16.0,1
6.1,8.858,7.506,3.762,26.194,8,19.0,1
7.042,16.539,13.321,1.988,38.735,5,33.0,1
0.06,0.023,0.0,0.0,0.101,0,1.0,0
4.799,16.467,20.734,1.54,43.526,7,20.0,1
2.455,5.014,7.523,0.437,15.595,6,12.0,1
2.151,18.913,11.778,0.997,33.874,8,13.0,1
0.112,0.184,0.159,0.0,0.373,1,1.0,0
1.673,15.381,30.652,0.041,47.584,6,21.0,1
2.43,4.494,0.328,0.323,7.508,2,4.0,0
8.653,19.462,8.717,1.344,38.282,6,19.0,1
2.765,10.833,17.24,0.744,31.169,3,24.0,1
2.474,12.154,22.053,1.887,38.463,6,25.0,1
0.993,8.873,8.359,0.084,18.267,5,11.0,1
6.52,7.966,20.794,0.429,35.639,11,17.0,1
0.172,1.08,0.0,0.0,1.221,2,3.0,0
5.727,13.857,9.17,2.522,31.273,6,22.0,1
0.066,0.404,0.0,0.0,0.563,1,0.0,0
0.008,0.212,0.0,0.0,0.211,2,1.0,0
2.597,2.407,0.125,0.179,5.264,3,2.0,0
0.01,0.104,0.0,0.0,0.145,1,0.0,0
6.169,30.451,33.121,2.46,72.616,3,20.0,1
3.269,1.596,0.575,0.009,5.406,3,3.0,0
3.167,3.547,0.41,0.799,7.97,3,4.0,0
0.011,0.09,0.187,0.0,0.264,0,0.0,0
7.791,11.803,34.219,0.906,55.044,6,31.0,1
0.05,0.561,0.0,0.0,0.637,0,0.0,0
2.196,4.034,3.043,0.072,9.133,4,11.0,1
2.462,1.548,0.781,0.412,5.132,3,6.0,0
0.012,0.003,0.0,0.061,0.078,0,0.0,0
0.014,0.415,0.0,0.0,0.494,0,1.0,0
3.285,2.955,0.642,0.389,7.332,2,6.0,0
3.219,3.57,3.601,0.842,11.419,4,15.0,1
2.229,8.823,6.988,0.586,18.888,6,16.0,1
1.83,5.118,3.816,0.026,10.965,6,14.0,1
6.204,13.208,25.117,1.145,45.679,6,21.0,1
9.818,28.042,22.672,0.509,60.787,7,42.0,1
3.438,17.254,17.004,2.001,40.058,10,41.0,1
2.354,7.95,15.414,1.925,27.362,10,20.0,1
0.089,0.246,0.0,0.0,0.327,0,1.0,0
8.523,28.086,23.968,0.347,61.02,7,34.0,1
0.316,0.927,0.0,0.0,1.204,1,1.0,0
2.359,7.273,27.625,1.728,39.256,2,23.0,1
0.082,0.693,0.0,0.0,0.73,2,2.0,0
7.69,12.123,34.74,2.045,56.543,5,43.0,1
4.669,5.66,34.272,0.839,45.234,3,44.0,1
3.345,1.863,0.275,0.726,6.17,2,3.0,0
3.291,4.456,0.413,0.31,8.438,1,7.0,0
0.312,1.045,0.0,0.0,1.441,2,3.0,0
5.822,16.624,16.294,0.823,40.014,4,35.0,1
2.639,2.226,0.379,0.221,5.503,1,4.0,0
0.18,0.368,0.0,0.0,0.554,2,3.0,0
0.313,0.713,0.0,0.0,0.989,1,1.0,0
2.104,21.382,9.506,2.447,35.387,7,48.0,1
3.577,4.82,0.06,1.151,9.606,1,5.0,0
0.072,1.167,0.0,0.0,1.341,2,3.0,0
1.309,5.305,4.304,0.476,11.56,3,10.0,1
0.054,0.054,0.0,0.0,0.136,1,2.0,0
1.448,4.612,3.959,0.012,10.168,4,17.0,1
0.043,0.072,0.0,0.0,0.059,1,0.0,0
0.0,0.177,0.0,0.0,0.167,0,0.0,0
2.507,4.877,3.368,0.164,11.097,6,11.0,1
0.942,8.783,4.093,0.575,14.276,5,11.0,1
0.176,0.475,0.0,0.0,0.583,2,3.0,0
0.081,0.681,0.0,0.0,0.745,2,1.0,0
9.769,25.467,33.314,2.793,70.999,3,54.0,1
9.271,34.557,26.904,0.289,70.945,6,17.0,1
5.616,6.577,18.92,1.453,32.025,6,33.0,1
1.905,2.644,0.124,0.079,4.701,3,5.0,0
3.28,6.519,3.628,0.002,13.667,3,15.0,1
0.151,0.071,0.0,0.0,0.235,0,0.0,0
0.3,0.162,0.0,0.0,0.402,1,0.0,0
2.179,12.281,13.135,0.363,28.049,9,40.0,1
2.985,8.893,3.869,0.23,15.393,3,13.0,1
0.372,0.063,0.0,0.0,0.423,1,0.0,0
2.778,2.858,0.17,0.016,5.921,2,5.0,0
2.825,3.883,4.373,0.474,11.558,4,7.0,1
0.143,0.484,0.0,0.0,0.737,1,3.0,0
6.976,33.709,26.401,0.985,68.236,8,40.0,1
2.388,8.151,39.526,1.378,51.31,6,45.0,1
9.366,21.764,14.717,1.565,47.339,7,51.0,1
6.313,19.879,8.16,2.114,36.238,8,18.0,1
1.643,5.16,6.17,0.91,13.993,6,8.0,1
0.082,0.478,0.0,0.0,0.558,1,0.0,0
2.603,21.398,16.577,2.537,43.472,4,23.0,1
2.391,5.056,5.663,0.604,13.837,4,10.0,1
0.257,1.041,0.0,0.0,1.34,2,1.0,0
0.593,0.012,0.0,0.0,0.56,1,0.0,0
2.295,33.416,12.497,2.266,50.554,7,59.0,1
3.803,7.342,22.477,1.649,35.625,7,27.0,1
4.082,17.639,12.061,0.959,35.155,4,59.0,1
0.051,0.192,0.0,0.0,0.164,0,0.0,0
6.029,14.846,10.762,0.754,32.408,9,12.0,1
0.98,7.872,3.714,0.341,12.79,6,11.0,1
0.022,0.084,0.0,0.0,0.114,0,0.0,0
3.869,14.205,18.598,3.284,40.074,12,31.0,1
2.65,4.784,0.166,0.928,8.602,3,3.0,0
4.65,14.443,28.752,1.857,49.39,6,28.0,1
2.207,26.047,19.709,2.706,50.723,4,17.0,1
0.036,0.083,0.0,0.0,0.12,1,0.0,0
1.689,8.045,5.652,0.605,16.156,5,13.0,1
1.5,4.11,3.531,0.364,9.336,5,10.0,1
1.138,8.347,7.432,0.179,17.478,5,7.0,1
6.254,6.677,21.05,2.406,36.343,5,27.0,1
0.835,5.679,3.601,0.376,10.798,5,14.0,1
0.065,0.829,0.0,0.0,0.887,0,0.0,0
2.693,4.383,0.053,0.581,7.696,2,7.0,0
9.262,30.968,24.902,0.524,65.397,3,33.0,1
0.1,0.049,0.0,0.0,0.163,0,1.0,0
5.21,18.343,20.865,2.325,46.835,4,37.0,1
6.508,13.557,12.453,1.86,34.103,7,41.0,1
4.025,8.382,21.791,1.898,36.141,4,28.0,1
3.452,14.727,27.0,1.782,47.445,3,48.0,1
2.995,3.977,0.445,0.962,8.354,3,5.0,0
8.298,17.202,28.894,0.798,55.369,4,28.0,1
4.581,19.3,10.502,2.566,36.656,10,33.0,1
0.158,0.091,0.0,0.03,0.455,1,0.0,0
2.505,1.128,0.181,0.325,4.045,3,3.0,0
9.252,27.06,24.892,0.805,62.025,3,57.0,1
0.124,0.814,0.0,0.0,0.922,2,2.0,0
0.371,0.615,0.0,0.0,0.962,1,3.0,0
6.847,10.285,21.598,0.949,39.918,6,50.0,1
7.295,14.005,21.593,0.727,43.847,7,16.0,1
1.899,0.637,0.0,0.459,3.083,1,2.0,0
0.188,0.263,0.0,0.0,0.345,1,2.0,0
4.015,3.636,0.483,0.217,8.368,1,6.0,0
5.14,22.671,19.971,3.928,51.884,7,29.0,1
2.389,2.105,0.377,0.448,5.306,2,5.0,0
9.503,34.096,32.39,0.03,76.07,8,40.0,1
6.021,26.518,19.767,0.839,53.569,4,19.0,1
9.795,9.363,13.682,2.081,34.795,5,55.0,1
7.754,27.461,26.007,1.24,62.437,4,52.0,1
0.487,0.143,0.0,0.0,0.589,1,1.0,0
0.145,0.373,0.0,0.0,0.423,2,1.0,0
6.046,32.397,25.923,2.528,67.276,5,38.0,1
7.831,23.216,11.46,2.789,45.312,7,21.0,1
8.344,11.221,26.013,0.241,45.925,5,20.0,1
4.596,11.993,21.65,1.956,40.301,9,34.0,1
0.04,0.691,0.0,0.0,0.747,1,2.0,0
4.76,7.019,11.611,0.64,24.293,3,37.0,1
1.079,1.811,0.189,0.055,3.112,2,3.0,0
5.763,25.15,10.255,1.785,43.06,8,51.0,1
4.098,17.247,8.802,0.097,30.264,4,35.0,1
4.874,12.562,6.277,3.902,28.165,8,25.0,1
2.003,4.019,3.925,0.567,10.192,6,16.0,1
0.023,0.301,0.0,0.0,0.387,1,1.0,0
0.037,0.014,0.18,0.0,0.173,0,0.0,0
2.642,6.842,21.069,1.428,31.663,7,40.0,1
3.618,18.414,23.09,2.357,47.412,3,24.0,1
2.267,1.986,0.186,0.705,5.17,2,5.0,0
1.986,1.921,0.34,0.109,4.387,1,4.0,0
5.485,18.927,23.093,2.85,50.402,7,49.0,1
1.434,1.365,0.0,0.112,2.928,2,5.0,0
3.495,23.307,18.727,0.263,45.923,9,25.0,1
4.049,3.94,0.413,0.836,9.234,3,7.0,0
2.604,8.467,7.355,0.661,19.05,4,17.0,1
2.284,6.862,3.336,0.648,13.032,5,15.0,1
0.664,1.808,0.0,0.171,2.583,1,3.0,0
1.609,4.549,0.212,1.052,7.379,1,7.0,0
2.213,3.704,3.897,0.844,10.517,5,11.0,1
0.195,0.052,0.0,0.0,0.266,0,0.0,0
0.039,0.28,0.0,0.0,0.292,1,3.0,0
2.653,17.407,11.614,1.954,33.399,3,34.0,1
3.08,7.503,6.263,0.291,17.061,3,16.0,1
9.606,16.131,29.26,2.76,57.578,4,52.0,1
0.374,0.351,0.0,0.0,0.699,1,2.0,0
4.415,7.018,17.764,1.435,30.989,11,31.0,1
2.768,5.984,8.162,0.39,17.271,5,9.0,1
0.317,0.112,0.0,0.0,0.474,0,0.0,0
1.618,1.68,0.0,0.692,4.038,1,2.0,0
0.042,0.548,0.0,0.0,0.622,1,2.0,0
3.312,13.067,18.698,1.987,37.129,2,32.0,1
2.22,7.077,10.232,0.908,20.397,6,35.0,1
6.038,21.14,11.064,2.732,41.197,6,33.0,1
0.839,1.555,0.014,0.421,2.708,2,2.0,0
3.59,6.561,15.678,0.276,26.045,4,38.0,1
2.98,8.169,5.183,0.437,16.693,4,14.0,1
2.173,18.498,34.965,2.538,57.95,6,15.0,1
3.261,19.942,7.317,1.742,32.091,8,44.0,1
3.786,12.061,18.879,2.861,37.26,9,35.0,1
2.917,4.391,6.696,0.769,14.371,6,17.0,1
1.706,1.854,0.026,0.714,4.273,1,7.0,0
4.919,23.347,15.641,0.923,45.108,9,29.0,1
2.132,22.951,16.09,0.315,41.539,6,16.0,1
2.456,1.75,0.0,0.361,4.474,2,3.0,0
0.247,1.182,0.0,0.117,1.503,1,2.0,0
0.64,0.149,0.0,0.0,0.827,0,0.0,0
4.923,17.793,9.769,1.283,33.7,7,32.0,1
9.306,20.624,9.66,0.043,39.417,3,51.0,1
3.331,18.227,18.474,2.044,42.007,7,36.0,1
6.337,8.15,33.281,1.705,49.716,3,47.0,1
2.399,2.072,0.036,1.469,6.006,1,5.0,0
3.567,6.615,9.376,3.18,22.871,11,12.0,1
0.389,0.679,0.248,0.0,1.333,1,3.0,0
0.105,0.05,0.0,0.0,0.074,1,0.0,0
0.013,0.118,0.0,0.0,0.138,0,0.0,0
0.109,0.034,0.181,0.171,0.547,0,0.0,0
0.008,0.011,0.0,0.0,0.0,0,0.0,0
4.149,1.548,0.029,0.288,5.935,3,6.0,0
4.666,8.744,13.755,0.529,27.848,6,16.0,1
3.91,3.463,0.293,0.569,8.186,1,5.0,0
3.698,4.537,0.333,0.404,8.922,1,4.0,0
2.967,6.147,6.412,0.589,16.2,3,17.0,1
1.567,10.493,32.649,1.211,45.886,4,19.0,1
0.335,0.812,0.0,0.0,1.074,2,3.0,0
0.049,0.28,0.0,0.0,0.397,1,0.0,0
4.5,14.201,20.1,2.33,40.938,7,39.0,1
1.444,8.208,18.008,0.957,28.63,6,48.0,1
0.19,0.418,0.134,0.0,0.737,2,2.0,0
4.566,5.755,30.593,0.519,41.542,3,49.0,1
9.075,29.573,25.173,1.846,65.448,8,50.0,1
3.199,5.421,7.632,0.948,17.174,4,9.0,1
0.114,0.383,0.0,0.0,0.574,2,2.0,0
0.377,0.303,0.0,0.0,0.689,0,1.0,0
1.491,3.534,0.481,0.454,6.059,2,6.0,0
3.47,15.35,27.417,2.297,48.542,5,33.0,1
3.161,7.102,35.191,0.45,46.24,2,34.0,1
1.505,13.169,26.86,0.554,42.222,7,27.0,1
1.676,1.672,0.726,0.335,4.431,2,4.0,0
1.813,5.645,6.814,0.691,14.95,4,8.0,1
3.239,1.569,0.213,0.077,5.119,1,2.0,0
0.042,0.025,0.0,0.0,0.035,0,1.0,0
4.417,10.526,5.593,2.899,23.59,12,20.0,1
0.155,0.03,0.0,0.0,0.208,0,0.0,0
3.979,22.221,5.027,0.232,31.411,10,21.0,1
7.696,6.34,17.401,2.661,33.856,5,32.0,1
2.715,5.872,8.185,0.682,17.269,6,7.0,1
2.304,1.346,0.0,0.274,3.92,2,5.0,0
0.011,0.479,0.0,0.0,0.498,0,0.0,0
3.905,10.739,13.698,0.87,29.554,4,22.0,1
0.207,0.749,0.187,0.0,1.203,2,2.0,0
0.332,0.827,0.0,0.0,1.087,2,1.0,0
5.692,6.01,17.421,0.583,29.5,8,22.0,1
7.759,13.702,14.788,0.603,36.647,9,36.0,1
3.548,23.621,7.442,1.137,35.711,12,34.0,1
3.922,3.292,0.372,0.932,8.517,1,5.0,0
7.874,8.224,5.473,3.974,25.542,7,19.0,1
7.447,23.83,12.895,0.706,44.75,3,43.0,1
5.78,20.608,23.55,1.506,51.27,7,17.0,1
2.305,1.244,0.0,0.585,4.098,2,5.0,0
0.075,0.963,0.0,0.0,1.138,2,2.0,0
0.193,1.012,0.0,0.0,1.1,2,2.0,0
0.104,0.031,0.0,0.0,0.113,0,0.0,0
4.894,12.138,24.649,0.461,42.309,6,29.0,1
4.464,20.022,24.097,0.07,48.548,8,32.0,1
3.017,3.935,5.912,0.421,13.086,3,9.0,1
1.534,1.697,0.208,0.181,3.674,3,3.0,0
4.442,20.358,14.317,3.42,42.725,11,13.0,1
0.166,0.338,0.0,0.0,0.512,1,0.0,0
5.477,16.444,7.943,1.617,31.309,11,12.0,1
0.03,0.909,0.0,0.0,0.925,2,3.0,0
2.432,12.953,34.112,0.194,49.604,7,55.0,1
2.134,4.98,0.159,0.625,7.953,2,5.0,0
8.164,32.816,13.39,2.085,56.462,6,45.0,1
2.918,4.72,11.226,0.367,19.127,5,39.0,1
2.46,4.087,8.115,0.185,14.994,4,14.0,1
1.883,3.989,3.221,0.765,9.597,5,11.0,1
0.176,0.037,0.0,0.0,0.146,0,0.0,0
2.046,1.592,0.212,0.805,4.66,3,3.0,0
2.227,1.397,0.0,0.773,4.458,2,3.0,0
0.092,0.102,0.0,0.0,0.254,0,1.0,0
0.078,0.093,0.0,0.0,0.128,0,0.0,0
8.576,23.47,20.69,2.763,55.516,8,15.0,1
2.7,8.553,3.013,0.696,14.956,6,13.0,1
7.084,13.163,16.796,3.029,39.671,6,17.0,1
4.141,6.862,11.514,0.363,22.883,9,22.0,1
0.125,0.134,0.0,0.0,0.252,1,1.0,0
0.115,0.269,0.0,0.152,0.584,0,0.0,0
2.212,0.649,0.221,0.237,3.303,2,3.0,0
1.459,0.721,0.0,0.722,2.926,1,2.0,0
3.113,2.121,0.453,0.233,5.92,2,4.0,0
2.829,17.639,14.527,3.44,38.568,5,29.0,1
0.861,0.78,0.0,0.288,1.954,1,4.0,0
3.17,12.437,30.27,1.909,48.055,2,16.0,1
2.717,2.109,0.763,0.3,5.892,3,2.0,0
3.473,5.716,7.885,0.639,17.651,6,16.0,1
2.182,34.469,28.023,0.882,65.701,8,21.0,1
0.03,0.052,0.0,0.0,0.057,1,0.0,0
2.889,17.235,10.14,0.818,31.15,10,18.0,1
7.354,20.312,9.453,2.395,39.789,5,28.0,1
0.265,0.784,0.0,0.0,1.027,1,2.0,0
2.623,8.263,6.031,0.378,17.156,4,16.0,1
0.048,0.086,0.0,0.0,0.184,1,0.0,0
3.621,4.588,0.256,0.817,9.343,2,4.0,0
0.048,0.111,0.134,0.0,0.299,0,1.0,0
7.126,20.5,10.553,0.859,38.87,10,28.0,1
2.07,6.677,3.621,0.314,12.634,6,12.0,1
1.664,2.937,0.678,0.051,5.307,2,3.0,0
9.581,11.77,29.903,0.835,52.119,4,19.0,1
3.421,15.794,24.139,0.892,44.089,6,39.0,1
0.067,0.128,0.0,0.0,0.138,1,0.0,0
0.132,0.082,0.0,0.0,0.14,1,1.0,0
2.769,3.878,4.295,0.104,10.763,5,14.0,1
0.027,0.187,0.0,0.0,0.276,0,0.0,0
0.254,0.577,0.0,0.267,1.054,2,2.0,0
5.414,17.418,22.868,2.613,48.443,5,51.0,1
0.06,0.031,0.0,0.0,0.047,0,0.0,0
3.236,1.583,0.283,0.468,5.502,2,5.0,0
5.744,8.8,21.122,1.554,37.005,6,17.0,1
7.59,9.438,9.349,1.816,27.902,3,45.0,1
0.076,1.162,0.0,0.0,1.226,1,3.0,0
2.521,13.241,21.848,1.718,38.904,9,21.0,1
5.871,7.88,18.93,1.747,34.382,5,41.0,1
6.985,18.26,21.94,1.437,48.562,11,24.0,1
5.21,23.783,20.671,2.088,51.374,11,12.0,1
2.279,26.696,20.724,2.501,52.127,7,49.0,1
1.015,1.993,0.0,0.574,3.56,1,5.0,0
3.213,2.949,0.559,0.21,6.913,1,6.0,0
8.01,19.044,28.865,1.134,57.077,8,51.0,1
1.752,1.465,0.0,0.666,3.9,2,4.0,0
8.451,21.309,19.928,0.482,49.91,5,57.0,1
1.25,1.081,0.17,0.332,2.858,3,5.0,0
5.699,28.433,18.161,1.799,54.037,6,16.0,1
0.111,0.562,0.0,0.0,0.636,1,0.0,0
3.672,20.24,16.463,1.604,41.687,7,16.0,1
2.435,14.535,13.084,1.452,31.304,5,50.0,1
8.043,11.184,20.825,0.82,40.953,7,36.0,1
4.445,12.628,5.403,1.047,23.304,7,38.0,1
8.35,20.196,8.863,0.01,37.305,7,42.0,1
1.082,16.526,36.602,0.234,54.546,3,29.0,1
1.57,2.825,0.482,1.191,6.067,2,3.0,0
0.029,0.131,0.0,0.0,0.161,0,1.0,0
2.69,22.826,31.074,1.228,58.144,6,43.0,1
2.876,6.915,5.294,0.755,15.939,5,17.0,1
3.314,1.919,0.048,1.132,6.378,2,5.0,0
9.658,34.547,27.845,1.485,73.806,3,30.0,1
3.556,31.508,33.886,1.884,70.856,8,51.0,1
0.009,0.075,0.0,0.0,0.013,0,0.0,0
0.075,0.242,0.0,0.0,0.266,0,0.0,0
2.31,21.108,8.053,2.839,34.694,4,35.0,1
7.315,15.635,13.067,3.384,39.213,9,44.0,1
5.087,18.943,10.872,2.003,36.927,4,24.0,1
0.025,0.188,0.0,0.0,0.252,0,2.0,0
9.736,34.398,33.938,2.808,80.851,5,48.0,1
3.059,31.856,20.141,1.455,56.285,3,44.0,1
0.201,0.393,0.0,0.029,0.618,1,3.0,0
0.186,0.897,0.0,0.142,1.253,2,2.0,0
0.056,0.32,0.122,0.0,0.507,0,1.0,0
7.434,26.069,24.127,2.278,59.862,4,17.0,1
3.258,1.575,0.409,0.208,5.55,1,5.0,0
2.489,6.419,19.312,0.579,29.002,6,46.0,1
6.913,15.439,18.954,0.617,41.884,10,39.0,1
6.337,20.89,13.071,2.068,42.256,10,20.0,1
7.14,24.023,14.169,1.673,47.001,4,53.0,1
0.346,0.555,0.0,0.0,0.923,1,3.0,0
8.284,12.028,11.053,2.312,33.827,7,19.0,1
3.571,17.909,6.681,2.495,30.739,10,13.0,1
1.391,0.996,0.0,0.66,3.037,2,3.0,0
2.566,1.394,0.719,0.415,5.189,1,2.0,0
5.394,20.47,29.026,2.252,57.375,5,44.0,1
6.277,6.314,18.659,0.81,32.186,10,41.0,1
0.215,0.894,0.0,0.0,1.102,2,1.0,0
1.416,10.953,24.195,0.089,36.591,2,42.0,1
7.484,23.014,20.937,1.838,53.313,7,44.0,1
0.35,0.657,0.0,0.0,1.026,1,1.0,0
2.084,0.703,0.0,0.399,3.2,1,3.0,0
4.736,33.521,18.827,1.052,57.875,3,56.0,1
0.136,0.143,0.0,0.0,0.322,0,0.0,0
0.519,0.672,0.0,0.429,1.603,1,5.0,0
0.048,0.796,0.0,0.0,0.855,2,1.0,0
7.598,33.042,16.319,2.98,59.59,3,15.0,1
3.933,14.151,32.276,2.968,53.192,8,33.0,1
0.172,0.013,0.0,0.0,0.161,1,0.0,0
2.046,1.083,0.152,0.163,3.394,2,5.0,0
0.333,0.626,0.0,0.0,0.999,1,1.0,0
7.324,16.43,9.031,2.048,35.012,3,57.0,1
0.391,0.54,0.0,0.0,0.94,1,3.0,0
3.89,4.355,0.108,1.152,9.51,2,5.0,0
2.303,7.992,4.708,0.866,15.909,5,12.0,1
7.198,33.764,8.357,1.404,50.941,3,59.0,1
5.031,11.972,11.17,0.739,28.789,3,26.0,1
0.231,0.868,0.0,0.0,1.077,1,1.0,0
0.889,4.049,6.072,0.666,11.584,3,9.0,1
1.517,3.352,0.099,1.08,6.038,3,6.0,0
2.644,22.91,28.775,2.184,56.604,6,53.0,1
0.453,0.526,0.0,0.0,0.943,1,2.0,0
0.347,0.553,0.0,0.0,0.993,2,2.0,0
2.052,6.04,3.48,0.029,11.943,4,8.0,1
0.768,1.23,0.0,0.268,2.248,2,4.0,0
3.855,14.917,32.294,0.419,51.344,8,25.0,1
3.006,2.094,0.72,0.278,6.117,1,3.0,0
4.021,17.397,16.792,1.262,39.544,3,44.0,1
5.525,10.482,15.13,0.803,31.987,7,50.0,1
7.102,13.779,19.42,2.99,43.456,5,16.0,1
1.511,1.67,0.0,0.749,3.942,1,5.0,0
8.003,11.393,28.412,2.207,50.108,8,44.0,1
0.674,0.06,0.0,0.0,0.677,0,0.0,0
1.695,5.781,6.996,0.501,14.861,5,14.0,1
0.151,0.134,0.0,0.0,0.199,0,0.0,0
5.982,10.122,12.128,1.685,29.886,12,26.0,1
0.277,0.798,0.0,0.0,1.021,1,3.0,0
2.459,20.462,18.069,0.251,41.029,11,25.0,1
2.663,11.605,38.467,1.828,54.565,4,31.0,1
0.067,0.897,0.0,0.0,0.92,2,2.0,0
0.032,0.937,0.0,0.0,0.958,1,2.0,0
1.013,5.644,7.411,0.992,14.958,3,16.0,1
7.934,21.209,25.624,2.679,57.344,6,33.0,1
8.217,29.481,23.077,2.046,62.776,3,28.0,1
3.232,2.527,0.577,0.461,6.792,2,2.0,0
1.401,6.773,6.059,0.054,14.267,4,17.0,1
2.742,13.81,24.154,1.273,41.858,3,29.0,1
2.458,1.929,0.163,0.199,4.702,2,4.0,0
7.357,18.804,16.7,2.874,45.608,4,23.0,1
0.089,1.103,0.353,0.0,1.496,2,2.0,0
7.175,7.623,10.312,3.151,28.435,9,42.0,1
1.208,8.453,6.521,0.707,16.837,6,16.0,1
9.779,27.795,18.6,0.313,56.78,8,53.0,1
5.083,14.652,10.09,2.314,31.933,10,15.0,1
7.507,12.62,13.353,1.549,35.005,7,50.0,1
0.003,0.755,0.0,0.0,0.821,2,1.0,0
0.302,0.562,0.0,0.0,0.918,2,2.0,0
2.16,14.339,10.841,2.418,29.793,7,49.0,1
7.562,22.87,26.834,1.285,58.546,7,58.0,1
3.274,5.022,7.792,0.972,17.343,3,17.0,1
2.826,5.002,8.246,0.464,16.48,4,13.0,1
0.093,1.098,0.0,0.0,1.13,1,3.0,0
0.126,0.784,0.0,0.0,0.841,2,2.0,0
6.216,6.395,12.332,1.175,26.406,8,39.0,1
8.187,16.319,22.802,2.704,50.095,6,29.0,1
2.461,0.761,0.0,0.557,3.824,1,3.0,0
0.192,0.74,0.0,0.0,0.905,1,2.0,0
4.519,7.528,10.769,3.719,26.849,10,18.0,1
0.08,0.151,0.0,0.0,0.216,1,0.0,0
0.002,0.068,0.0,0.0,0.111,0,0.0,0
0.006,0.899,0.215,0.0,1.13,2,3.0,0
4.989,21.422,10.044,2.841,39.155,12,36.0,1
3.384,6.702,5.566,0.475,16.028,4,8.0,1
9.921,15.301,19.909,0.925,46.039,4,22.0,1
4.937,30.028,30.228,2.652,67.993,8,25.0,1
4.811,29.317,17.794,1.008,53.205,3,21.0,1
0.355,0.258,0.0,0.278,0.889,2,3.0,0
3.051,27.92,16.251,1.326,48.377,4,28.0,1
4.238,22.539,11.758,1.967,40.585,4,22.0,1
4.556,16.944,7.064,2.994,31.472,9,13.0,1
2.792,12.19,26.571,1.332,42.617,7,34.0,1
0.161,0.548,0.0,0.0,0.734,1,3.0,0
1.562,1.161,0.0,0.738,3.527,2,5.0,0
4.977,12.048,20.278,1.207,38.442,5,36.0,1
2.185,22.276,13.344,2.253,39.975,11,19.0,1
1.481,1.506,0.0,0.316,3.329,2,3.0,0
0.263,0.043,0.0,0.0,0.31,0,0.0,0
1.647,8.784,7.751,0.173,18.384,6,16.0,1
0.012,0.565,0.0,0.251,0.833,1,2.0,0
7.778,26.111,18.883,1.029,53.859,8,28.0,1
1.564,1.284,0.0,0.584,3.381,2,5.0,0
1.913,2.238,0.054,0.911,5.169,2,4.0,0
0.149,0.842,0.0,0.0,0.989,2,1.0,0
4.502,22.303,21.354,2.0,50.201,11,18.0,1
1.421,0.594,0.0,0.628,2.52,1,2.0,0
1.452,7.172,8.121,0.239,17.089,5,17.0,1
1.437,2.025,0.227,0.2,3.942,1,2.0,0
2.294,0.672,0.0,0.456,3.391,1,3.0,0
9.908,16.81,32.064,0.713,59.755,7,18.0,1
4.761,4.717,30.68,1.76,42.039,2,27.0,1
0.355,0.969,0.0,0.0,1.383,2,1.0,0
2.705,18.983,12.427,0.953,34.913,7,17.0,1
5.463,23.27,21.921,1.011,51.817,4,25.0,1
1.924,1.671,0.0,0.163,3.828,1,4.0,0
1.369,7.698,6.732,0.963,16.673,4,13.0,1
0.872,0.879,0.0,0.386,2.161,1,2.0,0
6.355,26.176,34.245,1.05,68.157,5,56.0,1
3.894,17.974,16.611,0.749,39.248,6,39.0,1
6.165,23.75,7.988,0.446,38.318,12,16.0,1
0.019,0.102,0.0,0.0,0.094,0,0.0,0
9.589,13.63,34.604,0.796,58.71,5,33.0,1
0.102,0.03,0.0,0.0,0.104,1,1.0,0
2.034,8.207,6.853,0.388,17.462,5,13.0,1
3.754,22.411,16.469,0.541,43.181,6,51.0,1
3.557,5.214,26.857,0.752,36.607,7,43.0,1
0.147,0.745,0.0,0.0,0.915,2,1.0,0
0.186,0.052,0.0,0.0,0.341,0,0.0,0
6.166,17.038,16.989,0.358,40.562,6,25.0,1
1.271,1.787,0.272,0.081,3.381,2,2.0,0
5.224,19.957,28.711,2.864,56.589,8,57.0,1
4.07,2.541,0.331,0.344,7.316,2,4.0,0
7.359,29.132,27.68,2.743,67.038,5,42.0,1
0.303,0.634,0.0,0.0,0.936,2,2.0,0
0.072,0.049,0.0,0.0,0.101,0,1.0,0
2.475,2.027,0.636,0.06,5.177,3,4.0,0
3.061,7.108,3.957,0.733,14.924,4,17.0,1
4.526,14.749,8.471,3.114,30.959,4,37.0,1
3.596,14.829,34.877,0.968,54.191,6,46.0,1
0.046,0.27,0.0,0.0,0.4,0,1.0,0
3.076,3.58,0.11,1.024,7.829,1,7.0,0
2.187,3.757,0.083,0.338,6.452,3,7.0,0
1.95,2.416,0.324,0.281,4.915,2,3.0,0
0.013,0.016,0.0,0.07,0.092,0,1.0,0
2.976,6.401,7.175,0.895,17.425,6,7.0,1
1.539,4.984,7.991,0.428,14.595,5,16.0,1
3.227,24.151,21.182,1.153,49.439,6,39.0,1
2.886,17.246,21.721,2.987,44.962,5,25.0,1
0.151,1.121,0.371,0.0,1.632,1,2.0,0
1.947,1.518,0.0,0.304,3.817,2,3.0,0
1.694,8.442,5.753,0.023,16.054,6,12.0,1
2.063,0.575,0.0,0.136,2.716,2,4.0,0
2.986,5.997,4.59,0.785,14.305,4,10.0,1
1.271,1.068,0.212,0.341,2.914,1,5.0,0
9.741,29.72,11.346,1.473,52.501,4,38.0,1
7.045,11.981,11.752,1.952,32.776,7,27.0,1
6.355,8.066,24.076,2.343,41.069,7,52.0,1
2.39,1.473,0.0,0.697,4.581,1,4.0,0
9.112,21.441,24.82,0.209,55.678,3,26.0,1
3.298,14.619,27.864,1.726,47.665,2,35.0,1
1.536,1.054,0.0,0.33,2.844,2,4.0,0
0.027,0.248,0.0,0.0,0.261,0,0.0,0
4.459,21.658,17.461,2.06,45.397,5,29.0,1
3.229,2.482,0.298,0.247,6.302,3,4.0,0
5.392,13.971,25.719,2.834,48.029,7,24.0,1
0.033,0.274,0.0,0.0,0.252,0,2.0,0
5.944,21.382,8.646,0.123,36.166,3,35.0,1
3.74,3.895,0.009,0.491,8.179,2,3.0,0
3.121,4.579,0.267,1.399,9.3,3,4.0,0
3.503,4.367,22.612,1.335,32.241,6,36.0,1
4.648,17.986,19.46,0.554,42.74,6,36.0,1
0.004,0.13,0.0,0.0,0.066,1,1.0,0
0.202,0.581,0.0,0.126,0.969,2,1.0,0
2.798,1.485,0.723,0.02,5.067,3,2.0,0
0.245,0.161,0.0,0.0,0.311,0,0.0,0
0.006,0.117,0.0,0.0,0.037,1,0.0,0
3.065,1.296,0.374,0.121,4.902,2,3.0,0
4.367,15.731,17.552,3.128,41.095,12,42.0,1
1.14,2.873,0.79,0.404,5.154,1,6.0,0
2.433,22.724,6.428,0.424,31.861,8,27.0,1
6.959,20.999,20.999,2.906,52.007,8,30.0,1
2.493,31.283,25.405,2.563,61.784,8,21.0,1
2.459,1.919,0.093,0.906,5.405,2,6.0,0
1.089,1.504,0.0,0.352,2.972,1,4.0,0
0.129,0.051,0.0,0.0,0.227,1,1.0,0
2.954,3.543,6.407,0.066,12.859,4,10.0,1
8.392,29.244,29.611,1.437,68.48,7,33.0,1
2.162,23.221,30.174,2.441,57.922,5,37.0,1
0.39,0.143,0.0,0.0,0.51,1,1.0,0
0.059,1.033,0.0,0.0,1.138,0,2.0,0
1.647,2.139,0.203,0.377,4.368,2,4.0,0
8.317,32.961,29.332,1.864,72.338,5,33.0,1
0.084,0.233,0.0,0.0,0.265,1,1.0,0
4.019,7.23,16.347,0.714,28.482,3,47.0,1
0.87,1.872,0.0,0.665,3.344,2,2.0,0
0.276,1.153,0.0,0.0,1.404,1,3.0,0
4.987,17.572,21.427,0.602,44.783,8,29.0,1
1.224,17.534,39.516,0.258,58.315,7,23.0,1
3.196,19.939,22.4,1.906,47.585,3,39.0,1
6.357,22.316,10.246,1.438,40.759,8,20.0,1
3.06,7.83,6.919,0.959,18.85,3,14.0,1
3.115,1.737,0.011,1.226,6.076,2,4.0,0
0.483,0.202,0.0,0.0,0.634,1,0.0,0
0.117,0.296,0.0,0.0,0.42,1,2.0,0
0.067,0.107,0.0,0.0,0.169,1,0.0,0
0.003,0.169,0.13,0.0,0.267,0,1.0,0
0.115,0.235,0.0,0.068,0.41,0,1.0,0
2.67,13.548,12.084,0.315,28.402,5,29.0,1
3.112,23.281,12.542,3.66,42.172,7,29.0,1
6.932,16.892,18.717,3.608,46.239,7,38.0,1
6.405,13.786,11.48,1.125,32.866,5,14.0,1
2.117,1.839,0.151,0.013,4.186,1,3.0,0
3.044,21.005,17.693,2.926,44.935,11,39.0,1
7.872,29.573,19.392,0.471,57.332,5,59.0,1
0.259,0.057,0.0,0.0,0.346,1,0.0,0
